{"stats":{"minecraft:used":{"minecraft:stone_pickaxe":106,"minecraft:wooden_pickaxe":32,"minecraft:cooked_salmon":2,"minecraft:stone_axe":30,"minecraft:dirt":4,"minecraft:crafting_table":1,"minecraft:furnace":2,"minecraft:jungle_door":3,"minecraft:granite":9},"minecraft:mined":{"minecraft:jungle_door":1,"minecraft:iron_ore":49,"minecraft:andesite":2,"minecraft:granite":9,"minecraft:grass_block":2,"minecraft:coal_ore":18,"minecraft:vine":3,"minecraft:jungle_log":25,"minecraft:dead_bush":11,"minecraft:dirt":5,"minecraft:stone":57,"minecraft:diorite":3},"minecraft:dropped":{"minecraft:stone_pickaxe":2},"minecraft:crafted":{"minecraft:jungle_door":3,"minecraft:crafting_table":1,"minecraft:stick":4,"minecraft:wooden_pickaxe":1,"minecraft:stone_pickaxe":3,"minecraft:furnace":2,"minecraft:cooked_salmon":2,"minecraft:torch":8,"minecraft:stone_axe":1,"minecraft:air":0,"minecraft:jungle_planks":32},"minecraft:killed":{"minecraft:salmon":10},"minecraft:custom":{"minecraft:time_since_rest":9556,"minecraft:interact_with_furnace":6,"minecraft:sprint_one_cm":40507,"minecraft:damage_taken":262,"minecraft:walk_one_cm":15155,"minecraft:mob_kills":10,"minecraft:drop":2,"minecraft:damage_dealt":340,"minecraft:swim_one_cm":28890,"minecraft:interact_with_crafting_table":6,"minecraft:fly_one_cm":36044,"minecraft:crouch_one_cm":2605,"minecraft:play_time":18484,"minecraft:deaths":1,"minecraft:sneak_time":1300,"minecraft:walk_under_water_one_cm":9789,"minecraft:jump":197,"minecraft:leave_game":2,"minecraft:time_since_death":14491,"minecraft:walk_on_water_one_cm":2772,"minecraft:sleep_in_bed":1,"minecraft:climb_one_cm":1242,"minecraft:total_world_time":18484,"minecraft:fall_one_cm":3845},"minecraft:killed_by":{"minecraft:husk":1},"minecraft:picked_up":{"minecraft:cocoa_beans":4,"minecraft:stick":10,"minecraft:raw_iron":48,"minecraft:jungle_door":1,"minecraft:andesite":1,"minecraft:jungle_log":25,"minecraft:salmon":10,"minecraft:diorite":1,"minecraft:dirt":7,"minecraft:granite":9,"minecraft:coal":17,"minecraft:cobblestone":54}},"DataVersion":3839}