{"stats":{"minecraft:mined":{"minecraft:jungle_log":5,"minecraft:dead_bush":11},"minecraft:crafted":{"minecraft:wooden_pickaxe":1,"minecraft:jungle_planks":16},"minecraft:custom":{"minecraft:jump":87,"minecraft:time_since_rest":5605,"minecraft:deaths":1,"minecraft:damage_dealt":40,"minecraft:play_time":6484,"minecraft:leave_game":2,"minecraft:sprint_one_cm":18754,"minecraft:damage_taken":262,"minecraft:time_since_death":2491,"minecraft:walk_one_cm":3310,"minecraft:climb_one_cm":444,"minecraft:total_world_time":6484,"minecraft:interact_with_crafting_table":2,"minecraft:fall_one_cm":1939,"minecraft:fly_one_cm":22639},"minecraft:killed_by":{"minecraft:husk":1},"minecraft:picked_up":{"minecraft:stick":10,"minecraft:jungle_log":5}},"DataVersion":3839}