{"stats":{"minecraft:mined":{"minecraft:tuff":4,"minecraft:deepslate_diamond_ore":7,"minecraft:jungle_leaves":6,"minecraft:lever":1,"minecraft:granite":12,"minecraft:grass_block":7,"minecraft:jungle_log":51,"minecraft:hopper":4,"minecraft:kelp":2,"minecraft:hay_block":20,"minecraft:oak_trapdoor":4,"minecraft:furnace":3,"minecraft:carrots":5,"minecraft:iron_ore":51,"minecraft:cobbled_deepslate":4,"minecraft:andesite":2,"minecraft:pumpkin":11,"minecraft:deepslate_lapis_ore":2,"minecraft:potatoes":5,"minecraft:vine":16,"minecraft:deepslate_iron_ore":10,"minecraft:rail":8,"minecraft:stripped_jungle_log":1,"minecraft:stone":95,"minecraft:tripwire":12,"minecraft:smithing_table":1,"minecraft:deepslate_redstone_ore":3,"minecraft:jungle_door":2,"minecraft:crimson_nylium":8,"minecraft:crafting_table":5,"minecraft:torch":2,"minecraft:short_grass":27,"minecraft:calcite":246,"minecraft:melon":25,"minecraft:chest":8,"minecraft:dead_bush":11,"minecraft:nether_quartz_ore":3,"minecraft:copper_ore":1,"minecraft:cobblestone":4,"minecraft:lapis_ore":2,"minecraft:diorite":4,"minecraft:wall_torch":3,"minecraft:amethyst_block":10,"minecraft:wheat":10,"minecraft:oak_log":8,"minecraft:coal_ore":26,"minecraft:cocoa":1,"minecraft:beetroots":3,"minecraft:gravel":3,"minecraft:sand":1,"minecraft:dirt":9,"minecraft:smooth_basalt":2,"minecraft:tripwire_hook":6,"minecraft:netherrack":6,"minecraft:oak_leaves":5,"minecraft:deepslate":45,"minecraft:fern":2},"minecraft:used":{"minecraft:oak_trapdoor":8,"minecraft:flint_and_steel":1,"minecraft:chest":10,"minecraft:shield":10,"minecraft:cooked_salmon":2,"minecraft:rotten_flesh":4,"minecraft:iron_chestplate":1,"minecraft:torch":11,"minecraft:dirt":4,"minecraft:hopper":8,"minecraft:jungle_planks":42,"minecraft:tuff":2,"minecraft:granite":9,"minecraft:lava_bucket":8,"minecraft:iron_axe":147,"minecraft:jungle_log":21,"minecraft:iron_boots":1,"minecraft:tripwire_hook":9,"minecraft:furnace":8,"minecraft:egg":1,"minecraft:cooked_beef":18,"minecraft:cobbled_deepslate":27,"minecraft:pumpkin":7,"minecraft:calcite":157,"minecraft:water_bucket":10,"minecraft:diorite":1,"minecraft:stone_pickaxe":129,"minecraft:wooden_pickaxe":32,"minecraft:leather_boots":1,"minecraft:jungle_boat":10,"minecraft:vine":7,"minecraft:crafting_table":7,"minecraft:white_bed":1,"minecraft:shears":19,"minecraft:lever":8,"minecraft:melon_slice":10,"minecraft:string":22,"minecraft:iron_pickaxe":413,"minecraft:stone_axe":113,"minecraft:cobblestone":20,"minecraft:bucket":18,"minecraft:jungle_door":12,"minecraft:andesite":2},"minecraft:broken":{"minecraft:stone_axe":1,"minecraft:iron_pickaxe":1},"minecraft:dropped":{"minecraft:wheat_seeds":10,"minecraft:diamond":8,"minecraft:feather":2,"minecraft:amethyst_block":9,"minecraft:diorite":1,"minecraft:pumpkin":3,"minecraft:smooth_basalt":2,"minecraft:gravel":2,"minecraft:kelp":16,"minecraft:shears":1,"minecraft:carrot":5,"minecraft:potato":5,"minecraft:andesite":1,"minecraft:beetroot_seeds":3,"minecraft:arrow":1,"minecraft:wooden_pickaxe":1,"minecraft:stone_pickaxe":3,"minecraft:quartz":3,"minecraft:netherrack":14},"minecraft:crafted":{"minecraft:oak_planks":32,"minecraft:tripwire_hook":4,"minecraft:furnace":5,"minecraft:lever":3,"minecraft:cooked_mutton":11,"minecraft:oak_trapdoor":4,"minecraft:flint_and_steel":1,"minecraft:hopper":5,"minecraft:iron_boots":1,"minecraft:iron_axe":1,"minecraft:stone_pickaxe":3,"minecraft:chest":7,"minecraft:cooked_beef":23,"minecraft:cooked_porkchop":17,"minecraft:crafting_table":3,"minecraft:jungle_boat":1,"minecraft:wooden_pickaxe":1,"minecraft:iron_helmet":1,"minecraft:cooked_salmon":2,"minecraft:bucket":1,"minecraft:stone_axe":1,"minecraft:air":0,"minecraft:jungle_planks":136,"minecraft:jungle_door":6,"minecraft:iron_chestplate":1,"minecraft:shield":1,"minecraft:stick":16,"minecraft:iron_ingot":71,"minecraft:iron_pickaxe":3,"minecraft:iron_leggings":1,"minecraft:white_bed":1,"minecraft:torch":8,"minecraft:shears":2},"minecraft:killed":{"minecraft:cave_spider":1,"minecraft:spider":1,"minecraft:skeleton":3,"minecraft:chicken":5,"minecraft:drowned":1,"minecraft:pig":22,"minecraft:salmon":10,"minecraft:sheep":10,"minecraft:zombie":6,"minecraft:cow":17},"minecraft:custom":{"minecraft:mob_kills":77,"minecraft:interact_with_crafting_table":26,"minecraft:leave_game":11,"minecraft:time_since_death":137145,"minecraft:climb_one_cm":13135,"minecraft:sprint_one_cm":448553,"minecraft:walk_one_cm":256650,"minecraft:damage_blocked_by_shield":341,"minecraft:drop":24,"minecraft:play_time":141138,"minecraft:deaths":1,"minecraft:sneak_time":10467,"minecraft:walk_under_water_one_cm":27074,"minecraft:boat_one_cm":162688,"minecraft:jump":2724,"minecraft:walk_on_water_one_cm":31918,"minecraft:total_world_time":141138,"minecraft:interact_with_furnace":78,"minecraft:sleep_in_bed":2,"minecraft:time_since_rest":80650,"minecraft:damage_taken":1361,"minecraft:damage_dealt":7754,"minecraft:swim_one_cm":190538,"minecraft:fly_one_cm":472072,"minecraft:open_chest":20,"minecraft:crouch_one_cm":25212,"minecraft:fall_one_cm":66064},"minecraft:killed_by":{"minecraft:husk":1},"minecraft:picked_up":{"minecraft:cocoa_beans":10,"minecraft:crafting_table":5,"minecraft:chicken":5,"minecraft:smithing_table":1,"minecraft:amethyst_block":9,"minecraft:oak_trapdoor":4,"minecraft:string":18,"minecraft:raw_copper":3,"minecraft:cobbled_deepslate":43,"minecraft:beef":36,"minecraft:calcite":254,"minecraft:melon_slice":120,"minecraft:chest":8,"minecraft:egg":1,"minecraft:furnace":3,"minecraft:stick":12,"minecraft:raw_iron":62,"minecraft:jungle_door":7,"minecraft:torch":5,"minecraft:porkchop":38,"minecraft:diorite":2,"minecraft:carrot":5,"minecraft:vine":10,"minecraft:redstone":15,"minecraft:arrow":1,"minecraft:rotten_flesh":12,"minecraft:beetroot_seeds":3,"minecraft:hay_block":20,"minecraft:mutton":23,"minecraft:rail":8,"minecraft:white_wool":11,"minecraft:cobblestone":98,"minecraft:feather":4,"minecraft:jungle_boat":10,"minecraft:cooked_beef":5,"minecraft:tripwire_hook":6,"minecraft:andesite":3,"minecraft:jungle_log":51,"minecraft:salmon":10,"minecraft:leather":11,"minecraft:potato":5,"minecraft:flint":1,"minecraft:tuff":2,"minecraft:oak_log":8,"minecraft:lapis_lazuli":24,"minecraft:dirt":16,"minecraft:bone":7,"minecraft:kelp":16,"minecraft:wheat_seeds":11,"minecraft:smooth_basalt":2,"minecraft:pumpkin":10,"minecraft:quartz":3,"minecraft:gravel":2,"minecraft:sand":1,"minecraft:stripped_jungle_log":1,"minecraft:diamond":8,"minecraft:lever":5,"minecraft:granite":9,"minecraft:netherrack":14,"minecraft:coal":46,"minecraft:hopper":4}},"DataVersion":3839}