{"stats":{"minecraft:broken":{"minecraft:stone_axe":1,"minecraft:iron_pickaxe":1},"minecraft:crafted":{"minecraft:oak_planks":32,"minecraft:tripwire_hook":4,"minecraft:spyglass":1,"minecraft:furnace":5,"minecraft:lever":3,"minecraft:cooked_mutton":11,"minecraft:oak_trapdoor":4,"minecraft:flint_and_steel":1,"minecraft:hopper":5,"minecraft:iron_boots":1,"minecraft:iron_axe":3,"minecraft:stone_pickaxe":3,"minecraft:chest":7,"minecraft:cooked_beef":23,"minecraft:cooked_porkchop":17,"minecraft:crafting_table":3,"minecraft:jungle_boat":1,"minecraft:wooden_pickaxe":1,"minecraft:iron_helmet":1,"minecraft:iron_sword":1,"minecraft:cooked_salmon":2,"minecraft:bucket":1,"minecraft:stone_axe":1,"minecraft:air":0,"minecraft:jungle_planks":136,"minecraft:jungle_door":6,"minecraft:iron_chestplate":1,"minecraft:shield":1,"minecraft:stick":16,"minecraft:iron_ingot":71,"minecraft:iron_pickaxe":3,"minecraft:iron_leggings":1,"minecraft:white_bed":1,"minecraft:torch":8,"minecraft:shears":2},"minecraft:mined":{"minecraft:large_amethyst_bud":1,"minecraft:tuff":4,"minecraft:stone_pressure_plate":1,"minecraft:deepslate_diamond_ore":17,"minecraft:jungle_leaves":6,"minecraft:lever":1,"minecraft:granite":12,"minecraft:grass_block":7,"minecraft:jungle_log":51,"minecraft:hopper":8,"minecraft:kelp":2,"minecraft:sandstone":14,"minecraft:rooted_dirt":7,"minecraft:hay_block":20,"minecraft:oak_trapdoor":6,"minecraft:furnace":3,"minecraft:carrots":5,"minecraft:iron_ore":51,"minecraft:cobbled_deepslate":4,"minecraft:andesite":2,"minecraft:pumpkin":11,"minecraft:deepslate_lapis_ore":2,"minecraft:potatoes":5,"minecraft:deepslate_iron_ore":10,"minecraft:vine":16,"minecraft:rail":8,"minecraft:stripped_jungle_log":1,"minecraft:stone":100,"minecraft:tripwire":12,"minecraft:smithing_table":1,"minecraft:deepslate_redstone_ore":3,"minecraft:jungle_door":2,"minecraft:kelp_plant":1,"minecraft:crimson_nylium":8,"minecraft:amethyst_cluster":1,"minecraft:crafting_table":6,"minecraft:torch":2,"minecraft:short_grass":31,"minecraft:calcite":274,"minecraft:melon":25,"minecraft:chest":16,"minecraft:dead_bush":11,"minecraft:nether_quartz_ore":3,"minecraft:copper_ore":1,"minecraft:cobblestone":4,"minecraft:lapis_ore":2,"minecraft:diorite":4,"minecraft:wall_torch":3,"minecraft:amethyst_block":10,"minecraft:wheat":10,"minecraft:oak_log":10,"minecraft:coal_ore":28,"minecraft:beetroots":3,"minecraft:cocoa":1,"minecraft:gravel":3,"minecraft:sand":1,"minecraft:dirt":9,"minecraft:smooth_basalt":2,"minecraft:tripwire_hook":6,"minecraft:netherrack":6,"minecraft:oak_leaves":5,"minecraft:deepslate":78,"minecraft:fern":2},"minecraft:picked_up":{"minecraft:cocoa_beans":10,"minecraft:crafting_table":6,"minecraft:chicken":5,"minecraft:smithing_table":1,"minecraft:gold_block":1,"minecraft:amethyst_block":9,"minecraft:string":24,"minecraft:oak_trapdoor":6,"minecraft:raw_copper":3,"minecraft:flint_and_steel":1,"minecraft:cobbled_deepslate":74,"minecraft:beef":36,"minecraft:oak_boat":2,"minecraft:calcite":282,"minecraft:melon_slice":120,"minecraft:chest":16,"minecraft:egg":1,"minecraft:furnace":3,"minecraft:stick":12,"minecraft:raw_iron":62,"minecraft:sandstone":13,"minecraft:jungle_door":7,"minecraft:copper_ingot":2,"minecraft:torch":5,"minecraft:porkchop":42,"minecraft:diorite":2,"minecraft:vine":10,"minecraft:carrot":5,"minecraft:redstone":15,"minecraft:stone_pressure_plate":1,"minecraft:rotten_flesh":16,"minecraft:arrow":9,"minecraft:beetroot_seeds":3,"minecraft:hay_block":20,"minecraft:mutton":23,"minecraft:cod":1,"minecraft:rail":8,"minecraft:white_wool":11,"minecraft:cobblestone":102,"minecraft:jungle_boat":11,"minecraft:feather":4,"minecraft:cooked_beef":5,"minecraft:andesite":3,"minecraft:tripwire_hook":8,"minecraft:jungle_log":51,"minecraft:salmon":10,"minecraft:leather":11,"minecraft:potato":5,"minecraft:flint":1,"minecraft:tuff":2,"minecraft:oak_log":10,"minecraft:lapis_lazuli":24,"minecraft:dirt":16,"minecraft:bone":19,"minecraft:kelp":19,"minecraft:wheat_seeds":11,"minecraft:rabbit":1,"minecraft:smooth_basalt":2,"minecraft:pumpkin":10,"minecraft:quartz":3,"minecraft:gravel":2,"minecraft:sand":1,"minecraft:amethyst_shard":10,"minecraft:mossy_stone_brick_slab":1,"minecraft:spider_eye":2,"minecraft:stripped_jungle_log":1,"minecraft:diamond":18,"minecraft:lever":6,"minecraft:granite":9,"minecraft:rooted_dirt":11,"minecraft:netherrack":14,"minecraft:coal":47,"minecraft:hopper":8},"minecraft:killed":{"minecraft:cave_spider":1,"minecraft:spider":8,"minecraft:skeleton":11,"minecraft:chicken":5,"minecraft:drowned":3,"minecraft:husk":1,"minecraft:pig":24,"minecraft:salmon":10,"minecraft:sheep":10,"minecraft:zombie":7,"minecraft:cow":17},"minecraft:used":{"minecraft:oak_trapdoor":8,"minecraft:flint_and_steel":2,"minecraft:chest":10,"minecraft:shield":10,"minecraft:iron_sword":39,"minecraft:cooked_salmon":2,"minecraft:rotten_flesh":4,"minecraft:iron_chestplate":1,"minecraft:torch":12,"minecraft:dirt":4,"minecraft:spyglass":3,"minecraft:hopper":8,"minecraft:jungle_planks":42,"minecraft:tuff":2,"minecraft:granite":9,"minecraft:obsidian":1,"minecraft:lava_bucket":8,"minecraft:iron_axe":190,"minecraft:jungle_log":21,"minecraft:iron_boots":1,"minecraft:tripwire_hook":9,"minecraft:furnace":8,"minecraft:egg":1,"minecraft:cooked_beef":27,"minecraft:cobbled_deepslate":27,"minecraft:pumpkin":7,"minecraft:calcite":176,"minecraft:water_bucket":12,"minecraft:diorite":1,"minecraft:stone_pickaxe":129,"minecraft:wooden_pickaxe":32,"minecraft:leather_boots":1,"minecraft:jungle_boat":11,"minecraft:vine":7,"minecraft:crafting_table":8,"minecraft:white_bed":1,"minecraft:shears":19,"minecraft:lever":8,"minecraft:melon_slice":11,"minecraft:string":22,"minecraft:iron_pickaxe":512,"minecraft:stone_axe":113,"minecraft:cobblestone":20,"minecraft:bucket":20,"minecraft:jungle_door":12,"minecraft:andesite":2},"minecraft:killed_by":{"minecraft:husk":1},"minecraft:custom":{"minecraft:mob_kills":101,"minecraft:interact_with_crafting_table":30,"minecraft:leave_game":12,"minecraft:time_since_death":176265,"minecraft:climb_one_cm":13722,"minecraft:sprint_one_cm":560988,"minecraft:walk_one_cm":304471,"minecraft:damage_blocked_by_shield":341,"minecraft:drop":34,"minecraft:play_time":180258,"minecraft:deaths":1,"minecraft:sneak_time":11564,"minecraft:walk_under_water_one_cm":41318,"minecraft:boat_one_cm":482585,"minecraft:jump":3621,"minecraft:walk_on_water_one_cm":48504,"minecraft:total_world_time":180258,"minecraft:interact_with_furnace":78,"minecraft:sleep_in_bed":2,"minecraft:time_since_rest":119770,"minecraft:damage_taken":1959,"minecraft:damage_dealt":12017,"minecraft:swim_one_cm":265175,"minecraft:fly_one_cm":623546,"minecraft:open_chest":31,"minecraft:crouch_one_cm":28031,"minecraft:fall_one_cm":88217,"minecraft:horse_one_cm":115981},"minecraft:dropped":{"minecraft:wheat_seeds":10,"minecraft:diamond":8,"minecraft:feather":2,"minecraft:amethyst_block":9,"minecraft:cod":1,"minecraft:diorite":1,"minecraft:rabbit":1,"minecraft:amethyst_shard":6,"minecraft:pumpkin":3,"minecraft:smooth_basalt":2,"minecraft:gravel":2,"minecraft:kelp":19,"minecraft:shears":1,"minecraft:carrot":5,"minecraft:flint_and_steel":1,"minecraft:potato":5,"minecraft:andesite":1,"minecraft:beetroot_seeds":3,"minecraft:oak_boat":2,"minecraft:spider_eye":2,"minecraft:arrow":1,"minecraft:wooden_pickaxe":1,"minecraft:stone_pickaxe":3,"minecraft:quartz":3,"minecraft:netherrack":14}},"DataVersion":3839}