{"stats":{"minecraft:used":{"minecraft:chest":2,"minecraft:shield":10,"minecraft:cooked_salmon":2,"minecraft:rotten_flesh":4,"minecraft:iron_chestplate":1,"minecraft:torch":9,"minecraft:dirt":4,"minecraft:jungle_planks":42,"minecraft:tuff":2,"minecraft:granite":9,"minecraft:iron_axe":106,"minecraft:jungle_log":21,"minecraft:iron_boots":1,"minecraft:furnace":8,"minecraft:egg":1,"minecraft:cooked_beef":13,"minecraft:cobbled_deepslate":20,"minecraft:pumpkin":7,"minecraft:diorite":1,"minecraft:stone_pickaxe":129,"minecraft:wooden_pickaxe":32,"minecraft:leather_boots":1,"minecraft:jungle_boat":10,"minecraft:vine":7,"minecraft:crafting_table":7,"minecraft:white_bed":1,"minecraft:shears":10,"minecraft:melon_slice":7,"minecraft:iron_pickaxe":307,"minecraft:stone_axe":113,"minecraft:cobblestone":20,"minecraft:jungle_door":12,"minecraft:andesite":2,"minecraft:bucket":1},"minecraft:mined":{"minecraft:tuff":4,"minecraft:deepslate_diamond_ore":7,"minecraft:jungle_leaves":6,"minecraft:granite":12,"minecraft:grass_block":7,"minecraft:jungle_log":51,"minecraft:kelp":2,"minecraft:furnace":3,"minecraft:iron_ore":51,"minecraft:cobbled_deepslate":3,"minecraft:andesite":2,"minecraft:pumpkin":11,"minecraft:deepslate_lapis_ore":2,"minecraft:vine":16,"minecraft:deepslate_iron_ore":10,"minecraft:rail":8,"minecraft:stripped_jungle_log":1,"minecraft:stone":93,"minecraft:deepslate_redstone_ore":3,"minecraft:jungle_door":2,"minecraft:torch":2,"minecraft:crafting_table":5,"minecraft:short_grass":26,"minecraft:calcite":173,"minecraft:melon":25,"minecraft:dead_bush":11,"minecraft:copper_ore":1,"minecraft:cobblestone":1,"minecraft:lapis_ore":2,"minecraft:diorite":4,"minecraft:wall_torch":3,"minecraft:amethyst_block":10,"minecraft:oak_log":4,"minecraft:coal_ore":26,"minecraft:cocoa":1,"minecraft:dirt":7,"minecraft:sand":1,"minecraft:smooth_basalt":2,"minecraft:oak_leaves":4,"minecraft:deepslate":45,"minecraft:fern":2},"minecraft:broken":{"minecraft:stone_axe":1,"minecraft:iron_pickaxe":1},"minecraft:crafted":{"minecraft:furnace":5,"minecraft:cooked_mutton":11,"minecraft:iron_boots":1,"minecraft:iron_axe":1,"minecraft:stone_pickaxe":3,"minecraft:chest":2,"minecraft:cooked_beef":23,"minecraft:cooked_porkchop":17,"minecraft:crafting_table":3,"minecraft:jungle_boat":1,"minecraft:wooden_pickaxe":1,"minecraft:iron_helmet":1,"minecraft:cooked_salmon":2,"minecraft:bucket":1,"minecraft:stone_axe":1,"minecraft:air":0,"minecraft:jungle_planks":124,"minecraft:jungle_door":6,"minecraft:iron_chestplate":1,"minecraft:shield":1,"minecraft:stick":16,"minecraft:iron_ingot":71,"minecraft:iron_pickaxe":3,"minecraft:iron_leggings":1,"minecraft:white_bed":1,"minecraft:torch":8,"minecraft:shears":1},"minecraft:dropped":{"minecraft:diamond":8,"minecraft:feather":2,"minecraft:diorite":1,"minecraft:pumpkin":3,"minecraft:kelp":16,"minecraft:andesite":1,"minecraft:stone_pickaxe":3,"minecraft:wooden_pickaxe":1},"minecraft:killed":{"minecraft:cave_spider":1,"minecraft:spider":1,"minecraft:skeleton":3,"minecraft:chicken":5,"minecraft:pig":22,"minecraft:salmon":10,"minecraft:sheep":2,"minecraft:zombie":2,"minecraft:cow":17},"minecraft:custom":{"minecraft:mob_kills":64,"minecraft:interact_with_crafting_table":22,"minecraft:leave_game":6,"minecraft:time_since_death":89751,"minecraft:climb_one_cm":13135,"minecraft:sprint_one_cm":326841,"minecraft:walk_one_cm":179039,"minecraft:damage_blocked_by_shield":341,"minecraft:drop":13,"minecraft:play_time":93744,"minecraft:deaths":1,"minecraft:sneak_time":4718,"minecraft:walk_under_water_one_cm":25967,"minecraft:boat_one_cm":162688,"minecraft:jump":1922,"minecraft:walk_on_water_one_cm":14688,"minecraft:total_world_time":93744,"minecraft:interact_with_furnace":78,"minecraft:sleep_in_bed":2,"minecraft:time_since_rest":33256,"minecraft:damage_taken":1189,"minecraft:damage_dealt":6349,"minecraft:swim_one_cm":183232,"minecraft:fly_one_cm":319495,"minecraft:open_chest":9,"minecraft:crouch_one_cm":10605,"minecraft:fall_one_cm":46253},"minecraft:killed_by":{"minecraft:husk":1},"minecraft:picked_up":{"minecraft:cocoa_beans":10,"minecraft:crafting_table":5,"minecraft:chicken":5,"minecraft:amethyst_block":9,"minecraft:raw_copper":3,"minecraft:cobbled_deepslate":42,"minecraft:beef":36,"minecraft:calcite":173,"minecraft:melon_slice":120,"minecraft:furnace":3,"minecraft:egg":1,"minecraft:raw_iron":62,"minecraft:stick":12,"minecraft:jungle_door":7,"minecraft:torch":3,"minecraft:porkchop":38,"minecraft:diorite":2,"minecraft:vine":10,"minecraft:redstone":15,"minecraft:arrow":1,"minecraft:rotten_flesh":4,"minecraft:mutton":5,"minecraft:rail":8,"minecraft:white_wool":3,"minecraft:cobblestone":95,"minecraft:jungle_boat":10,"minecraft:feather":4,"minecraft:cooked_beef":5,"minecraft:jungle_log":51,"minecraft:andesite":3,"minecraft:salmon":10,"minecraft:leather":11,"minecraft:tuff":2,"minecraft:oak_log":4,"minecraft:lapis_lazuli":24,"minecraft:dirt":14,"minecraft:bone":7,"minecraft:kelp":16,"minecraft:wheat_seeds":1,"minecraft:smooth_basalt":2,"minecraft:pumpkin":10,"minecraft:sand":1,"minecraft:stripped_jungle_log":1,"minecraft:diamond":8,"minecraft:granite":9,"minecraft:coal":46}},"DataVersion":3839}