{"stats":{"minecraft:broken":{"minecraft:leather_boots":1,"minecraft:stone_axe":1,"minecraft:iron_pickaxe":1},"minecraft:crafted":{"minecraft:oak_planks":64,"minecraft:tripwire_hook":4,"minecraft:spyglass":1,"minecraft:furnace":5,"minecraft:lever":3,"minecraft:cooked_mutton":11,"minecraft:oak_trapdoor":4,"minecraft:flint_and_steel":1,"minecraft:hopper":5,"minecraft:iron_boots":2,"minecraft:iron_axe":3,"minecraft:stone_pickaxe":3,"minecraft:chest":9,"minecraft:cooked_beef":23,"minecraft:cooked_porkchop":17,"minecraft:crafting_table":3,"minecraft:jungle_boat":1,"minecraft:wooden_pickaxe":1,"minecraft:iron_helmet":1,"minecraft:iron_sword":1,"minecraft:cooked_salmon":2,"minecraft:bucket":1,"minecraft:stone_axe":1,"minecraft:air":0,"minecraft:jungle_planks":136,"minecraft:jungle_door":6,"minecraft:iron_chestplate":1,"minecraft:shield":1,"minecraft:stick":16,"minecraft:iron_ingot":71,"minecraft:iron_pickaxe":3,"minecraft:iron_leggings":1,"minecraft:white_bed":1,"minecraft:torch":8,"minecraft:shears":2,"minecraft:diamond_chestplate":1},"minecraft:mined":{"minecraft:large_amethyst_bud":1,"minecraft:tuff":4,"minecraft:stone_pressure_plate":1,"minecraft:deepslate_diamond_ore":17,"minecraft:jungle_leaves":6,"minecraft:lever":1,"minecraft:granite":12,"minecraft:grass_block":7,"minecraft:crimson_roots":1,"minecraft:jungle_log":51,"minecraft:spruce_leaves":19,"minecraft:hopper":8,"minecraft:kelp":2,"minecraft:sandstone":14,"minecraft:rooted_dirt":7,"minecraft:hay_block":20,"minecraft:magma_block":18,"minecraft:oak_trapdoor":6,"minecraft:furnace":3,"minecraft:carrots":5,"minecraft:iron_ore":51,"minecraft:cobbled_deepslate":4,"minecraft:andesite":2,"minecraft:pumpkin":11,"minecraft:deepslate_lapis_ore":2,"minecraft:potatoes":5,"minecraft:deepslate_iron_ore":10,"minecraft:vine":16,"minecraft:rail":8,"minecraft:stripped_jungle_log":1,"minecraft:stone":100,"minecraft:tripwire":12,"minecraft:smithing_table":1,"minecraft:deepslate_redstone_ore":3,"minecraft:jungle_door":2,"minecraft:kelp_plant":1,"minecraft:crimson_nylium":13,"minecraft:amethyst_cluster":1,"minecraft:crafting_table":8,"minecraft:torch":2,"minecraft:short_grass":31,"minecraft:calcite":274,"minecraft:melon":25,"minecraft:chest":17,"minecraft:dead_bush":11,"minecraft:nether_quartz_ore":3,"minecraft:copper_ore":1,"minecraft:cobblestone":4,"minecraft:lapis_ore":2,"minecraft:diorite":4,"minecraft:wall_torch":4,"minecraft:amethyst_block":10,"minecraft:wheat":10,"minecraft:spruce_log":51,"minecraft:oak_log":10,"minecraft:coal_ore":28,"minecraft:beetroots":3,"minecraft:cocoa":1,"minecraft:gravel":3,"minecraft:sand":1,"minecraft:dirt":9,"minecraft:smooth_basalt":2,"minecraft:tripwire_hook":6,"minecraft:netherrack":75,"minecraft:oak_leaves":5,"minecraft:deepslate":78,"minecraft:fern":2},"minecraft:picked_up":{"minecraft:cocoa_beans":10,"minecraft:iron_chestplate":1,"minecraft:crafting_table":8,"minecraft:chicken":8,"minecraft:smithing_table":1,"minecraft:gold_block":2,"minecraft:enchanted_book":1,"minecraft:amethyst_block":9,"minecraft:iron_axe":1,"minecraft:string":25,"minecraft:oak_trapdoor":6,"minecraft:raw_copper":3,"minecraft:flint_and_steel":2,"minecraft:iron_shovel":1,"minecraft:cobbled_deepslate":74,"minecraft:beef":48,"minecraft:oak_boat":4,"minecraft:calcite":346,"minecraft:iron_pickaxe":1,"minecraft:melon_slice":179,"minecraft:chest":17,"minecraft:egg":1,"minecraft:furnace":3,"minecraft:stick":13,"minecraft:raw_iron":62,"minecraft:sandstone":13,"minecraft:jungle_door":7,"minecraft:copper_ingot":2,"minecraft:torch":6,"minecraft:porkchop":42,"minecraft:diorite":2,"minecraft:vine":10,"minecraft:carrot":5,"minecraft:redstone":15,"minecraft:golden_chestplate":1,"minecraft:stone_pressure_plate":1,"minecraft:rotten_flesh":20,"minecraft:arrow":9,"minecraft:beetroot_seeds":3,"minecraft:hay_block":59,"minecraft:saddle":1,"minecraft:obsidian":11,"minecraft:mutton":25,"minecraft:cod":1,"minecraft:rail":8,"minecraft:white_wool":12,"minecraft:cobblestone":141,"minecraft:magma_block":16,"minecraft:dune_armor_trim_smithing_template":2,"minecraft:jungle_boat":11,"minecraft:feather":4,"minecraft:cooked_beef":5,"minecraft:andesite":3,"minecraft:tripwire_hook":8,"minecraft:jungle_log":51,"minecraft:salmon":10,"minecraft:leather":15,"minecraft:potato":5,"minecraft:filled_map":1,"minecraft:flint":6,"minecraft:tuff":2,"minecraft:oak_log":16,"minecraft:nether_wart_block":12,"minecraft:gunpowder":12,"minecraft:lapis_lazuli":27,"minecraft:dirt":16,"minecraft:bone":19,"minecraft:kelp":19,"minecraft:wheat_seeds":11,"minecraft:iron_ingot":11,"minecraft:rabbit":2,"minecraft:stone_hoe":1,"minecraft:oak_planks":54,"minecraft:book":3,"minecraft:smooth_basalt":2,"minecraft:cooked_porkchop":6,"minecraft:pumpkin":10,"minecraft:quartz":6,"minecraft:gravel":2,"minecraft:sand":1,"minecraft:amethyst_shard":16,"minecraft:spruce_sapling":2,"minecraft:spruce_log":51,"minecraft:mossy_stone_brick_slab":1,"minecraft:spider_eye":3,"minecraft:stripped_jungle_log":1,"minecraft:diamond":18,"minecraft:lever":6,"minecraft:granite":9,"minecraft:bread":32,"minecraft:rooted_dirt":11,"minecraft:crimson_roots":1,"minecraft:netherrack":266,"minecraft:coal":69,"minecraft:hopper":8,"minecraft:diamond_pickaxe":1},"minecraft:killed":{"minecraft:cave_spider":1,"minecraft:spider":10,"minecraft:skeleton":11,"minecraft:chicken":5,"minecraft:drowned":3,"minecraft:husk":3,"minecraft:pig":24,"minecraft:salmon":10,"minecraft:sheep":10,"minecraft:zombie":7,"minecraft:cow":17},"minecraft:used":{"minecraft:oak_trapdoor":8,"minecraft:flint_and_steel":4,"minecraft:chest":13,"minecraft:shield":11,"minecraft:iron_sword":39,"minecraft:cooked_salmon":2,"minecraft:rotten_flesh":4,"minecraft:netherrack":71,"minecraft:iron_chestplate":1,"minecraft:torch":13,"minecraft:dirt":4,"minecraft:spyglass":27,"minecraft:hopper":8,"minecraft:jungle_planks":42,"minecraft:tuff":2,"minecraft:granite":9,"minecraft:obsidian":11,"minecraft:lava_bucket":8,"minecraft:iron_axe":269,"minecraft:jungle_log":21,"minecraft:iron_boots":1,"minecraft:tripwire_hook":9,"minecraft:hay_block":1,"minecraft:furnace":8,"minecraft:egg":1,"minecraft:cooked_beef":27,"minecraft:cobbled_deepslate":31,"minecraft:pumpkin":7,"minecraft:calcite":204,"minecraft:cooked_mutton":6,"minecraft:water_bucket":12,"minecraft:diorite":1,"minecraft:stone_pickaxe":129,"minecraft:wooden_pickaxe":32,"minecraft:leather_boots":1,"minecraft:jungle_boat":11,"minecraft:vine":7,"minecraft:crafting_table":10,"minecraft:white_bed":1,"minecraft:shears":19,"minecraft:lever":8,"minecraft:melon_slice":14,"minecraft:string":22,"minecraft:iron_pickaxe":605,"minecraft:stone_axe":113,"minecraft:nether_wart_block":3,"minecraft:cobblestone":27,"minecraft:bucket":21,"minecraft:jungle_door":12,"minecraft:andesite":2},"minecraft:killed_by":{"minecraft:husk":1},"minecraft:custom":{"minecraft:mob_kills":105,"minecraft:interact_with_crafting_table":35,"minecraft:leave_game":12,"minecraft:time_since_death":200265,"minecraft:climb_one_cm":13878,"minecraft:sprint_one_cm":627093,"minecraft:walk_one_cm":360751,"minecraft:damage_blocked_by_shield":428,"minecraft:drop":55,"minecraft:play_time":204258,"minecraft:deaths":1,"minecraft:sneak_time":15668,"minecraft:walk_under_water_one_cm":43945,"minecraft:boat_one_cm":482585,"minecraft:jump":4056,"minecraft:walk_on_water_one_cm":50013,"minecraft:total_world_time":204258,"minecraft:interact_with_furnace":78,"minecraft:sleep_in_bed":2,"minecraft:time_since_rest":143770,"minecraft:damage_taken":2309,"minecraft:damage_dealt":12738,"minecraft:swim_one_cm":265175,"minecraft:fly_one_cm":668128,"minecraft:open_chest":43,"minecraft:crouch_one_cm":43190,"minecraft:fall_one_cm":96126,"minecraft:horse_one_cm":115981},"minecraft:dropped":{"minecraft:wheat_seeds":10,"minecraft:diamond":8,"minecraft:feather":2,"minecraft:cobblestone":37,"minecraft:amethyst_block":9,"minecraft:cod":1,"minecraft:diorite":1,"minecraft:crimson_roots":1,"minecraft:nether_wart_block":9,"minecraft:rabbit":1,"minecraft:amethyst_shard":15,"minecraft:pumpkin":3,"minecraft:iron_axe":1,"minecraft:smooth_basalt":2,"minecraft:gravel":2,"minecraft:kelp":19,"minecraft:obsidian":1,"minecraft:rotten_flesh":6,"minecraft:oak_planks":27,"minecraft:shears":1,"minecraft:carrot":5,"minecraft:flint_and_steel":1,"minecraft:potato":5,"minecraft:gunpowder":8,"minecraft:andesite":1,"minecraft:beetroot_seeds":3,"minecraft:oak_boat":3,"minecraft:spider_eye":2,"minecraft:beef":6,"minecraft:arrow":1,"minecraft:wooden_pickaxe":1,"minecraft:stone_pickaxe":3,"minecraft:magma_block":16,"minecraft:calcite":64,"minecraft:quartz":5,"minecraft:netherrack":60}},"DataVersion":3839}