{"stats":{"minecraft:used":{"minecraft:diorite":1,"minecraft:stone_pickaxe":129,"minecraft:wooden_pickaxe":32,"minecraft:chest":2,"minecraft:shield":10,"minecraft:cooked_salmon":2,"minecraft:leather_boots":1,"minecraft:rotten_flesh":4,"minecraft:jungle_boat":9,"minecraft:iron_chestplate":1,"minecraft:torch":9,"minecraft:dirt":4,"minecraft:vine":7,"minecraft:crafting_table":7,"minecraft:jungle_planks":42,"minecraft:white_bed":1,"minecraft:tuff":2,"minecraft:granite":9,"minecraft:shears":10,"minecraft:iron_axe":84,"minecraft:melon_slice":7,"minecraft:iron_pickaxe":250,"minecraft:jungle_log":21,"minecraft:iron_boots":1,"minecraft:stone_axe":113,"minecraft:cobblestone":20,"minecraft:furnace":8,"minecraft:jungle_door":5,"minecraft:bucket":1,"minecraft:andesite":2,"minecraft:egg":1,"minecraft:cooked_beef":7,"minecraft:pumpkin":7},"minecraft:mined":{"minecraft:deepslate_redstone_ore":3,"minecraft:tuff":4,"minecraft:jungle_door":1,"minecraft:deepslate_diamond_ore":7,"minecraft:jungle_leaves":6,"minecraft:crafting_table":5,"minecraft:torch":2,"minecraft:granite":9,"minecraft:short_grass":26,"minecraft:grass_block":7,"minecraft:calcite":162,"minecraft:melon":25,"minecraft:jungle_log":51,"minecraft:dead_bush":11,"minecraft:copper_ore":1,"minecraft:cobblestone":1,"minecraft:lapis_ore":2,"minecraft:kelp":2,"minecraft:diorite":4,"minecraft:wall_torch":3,"minecraft:furnace":3,"minecraft:iron_ore":51,"minecraft:andesite":2,"minecraft:pumpkin":11,"minecraft:deepslate_lapis_ore":2,"minecraft:oak_log":4,"minecraft:coal_ore":26,"minecraft:cocoa":1,"minecraft:deepslate_iron_ore":10,"minecraft:vine":16,"minecraft:rail":8,"minecraft:dirt":7,"minecraft:sand":1,"minecraft:stripped_jungle_log":1,"minecraft:stone":70,"minecraft:deepslate":40,"minecraft:fern":2},"minecraft:broken":{"minecraft:stone_axe":1,"minecraft:iron_pickaxe":1},"minecraft:dropped":{"minecraft:kelp":16,"minecraft:diamond":8,"minecraft:feather":2,"minecraft:diorite":1,"minecraft:andesite":1,"minecraft:pumpkin":3,"minecraft:wooden_pickaxe":1,"minecraft:stone_pickaxe":3},"minecraft:crafted":{"minecraft:cooked_beef":23,"minecraft:cooked_porkchop":17,"minecraft:crafting_table":3,"minecraft:jungle_boat":1,"minecraft:wooden_pickaxe":1,"minecraft:iron_helmet":1,"minecraft:furnace":5,"minecraft:cooked_salmon":2,"minecraft:bucket":1,"minecraft:stone_axe":1,"minecraft:cooked_mutton":11,"minecraft:air":0,"minecraft:jungle_planks":124,"minecraft:jungle_door":6,"minecraft:iron_boots":1,"minecraft:iron_chestplate":1,"minecraft:shield":1,"minecraft:iron_axe":1,"minecraft:stick":16,"minecraft:iron_ingot":71,"minecraft:iron_pickaxe":3,"minecraft:stone_pickaxe":3,"minecraft:chest":2,"minecraft:iron_leggings":1,"minecraft:white_bed":1,"minecraft:torch":8,"minecraft:shears":1},"minecraft:killed":{"minecraft:cave_spider":1,"minecraft:pig":22,"minecraft:salmon":10,"minecraft:sheep":2,"minecraft:zombie":1,"minecraft:chicken":5,"minecraft:cow":16},"minecraft:custom":{"minecraft:interact_with_furnace":78,"minecraft:mob_kills":58,"minecraft:interact_with_crafting_table":22,"minecraft:leave_game":4,"minecraft:time_since_death":75702,"minecraft:sleep_in_bed":2,"minecraft:climb_one_cm":13135,"minecraft:time_since_rest":19207,"minecraft:sprint_one_cm":266305,"minecraft:damage_taken":620,"minecraft:walk_one_cm":164245,"minecraft:damage_blocked_by_shield":341,"minecraft:drop":13,"minecraft:damage_dealt":5074,"minecraft:swim_one_cm":82740,"minecraft:fly_one_cm":259182,"minecraft:open_chest":9,"minecraft:crouch_one_cm":10337,"minecraft:play_time":79695,"minecraft:deaths":1,"minecraft:sneak_time":4089,"minecraft:walk_under_water_one_cm":19923,"minecraft:boat_one_cm":119310,"minecraft:jump":1544,"minecraft:walk_on_water_one_cm":11041,"minecraft:total_world_time":79695,"minecraft:fall_one_cm":32595},"minecraft:killed_by":{"minecraft:husk":1},"minecraft:picked_up":{"minecraft:cocoa_beans":10,"minecraft:crafting_table":5,"minecraft:cooked_beef":5,"minecraft:jungle_boat":8,"minecraft:feather":4,"minecraft:chicken":5,"minecraft:jungle_log":51,"minecraft:andesite":3,"minecraft:salmon":10,"minecraft:leather":11,"minecraft:oak_log":4,"minecraft:tuff":2,"minecraft:lapis_lazuli":24,"minecraft:dirt":14,"minecraft:raw_copper":3,"minecraft:bone":4,"minecraft:kelp":16,"minecraft:wheat_seeds":1,"minecraft:cobbled_deepslate":36,"minecraft:beef":33,"minecraft:calcite":162,"minecraft:melon_slice":120,"minecraft:egg":1,"minecraft:furnace":3,"minecraft:stick":12,"minecraft:raw_iron":62,"minecraft:jungle_door":3,"minecraft:pumpkin":10,"minecraft:torch":3,"minecraft:porkchop":38,"minecraft:sand":1,"minecraft:diorite":2,"minecraft:vine":10,"minecraft:redstone":15,"minecraft:stripped_jungle_log":1,"minecraft:rotten_flesh":4,"minecraft:diamond":8,"minecraft:granite":9,"minecraft:white_wool":3,"minecraft:mutton":5,"minecraft:coal":46,"minecraft:rail":8,"minecraft:cobblestone":72}},"DataVersion":3839}