{"stats":{"minecraft:used":{"minecraft:stone_pickaxe":129,"minecraft:wooden_pickaxe":32,"minecraft:cooked_salmon":2,"minecraft:rotten_flesh":1,"minecraft:iron_chestplate":1,"minecraft:torch":3,"minecraft:dirt":4,"minecraft:crafting_table":3,"minecraft:granite":9,"minecraft:iron_pickaxe":38,"minecraft:stone_axe":36,"minecraft:cobblestone":7,"minecraft:furnace":5,"minecraft:jungle_door":3},"minecraft:mined":{"minecraft:deepslate_redstone_ore":3,"minecraft:tuff":4,"minecraft:jungle_door":1,"minecraft:deepslate_diamond_ore":1,"minecraft:crafting_table":2,"minecraft:torch":1,"minecraft:granite":9,"minecraft:grass_block":2,"minecraft:jungle_log":25,"minecraft:dead_bush":11,"minecraft:cobblestone":1,"minecraft:lapis_ore":2,"minecraft:diorite":3,"minecraft:wall_torch":2,"minecraft:furnace":3,"minecraft:iron_ore":51,"minecraft:andesite":2,"minecraft:deepslate_lapis_ore":2,"minecraft:coal_ore":26,"minecraft:deepslate_iron_ore":9,"minecraft:vine":3,"minecraft:rail":8,"minecraft:dirt":5,"minecraft:stone":59,"minecraft:deepslate":16},"minecraft:crafted":{"minecraft:crafting_table":2,"minecraft:wooden_pickaxe":1,"minecraft:iron_helmet":1,"minecraft:furnace":5,"minecraft:cooked_salmon":2,"minecraft:bucket":1,"minecraft:stone_axe":1,"minecraft:air":0,"minecraft:jungle_planks":32,"minecraft:jungle_door":3,"minecraft:iron_boots":1,"minecraft:iron_chestplate":1,"minecraft:shield":1,"minecraft:stick":4,"minecraft:iron_ingot":48,"minecraft:iron_pickaxe":1,"minecraft:stone_pickaxe":3,"minecraft:iron_leggings":1,"minecraft:torch":8},"minecraft:dropped":{"minecraft:diamond":1,"minecraft:diorite":1,"minecraft:andesite":1,"minecraft:stone_pickaxe":3},"minecraft:killed":{"minecraft:cave_spider":1,"minecraft:salmon":10},"minecraft:custom":{"minecraft:interact_with_furnace":37,"minecraft:mob_kills":11,"minecraft:interact_with_crafting_table":15,"minecraft:leave_game":2,"minecraft:time_since_death":26491,"minecraft:sleep_in_bed":1,"minecraft:climb_one_cm":1242,"minecraft:time_since_rest":21556,"minecraft:sprint_one_cm":104392,"minecraft:damage_taken":450,"minecraft:walk_one_cm":46858,"minecraft:drop":6,"minecraft:damage_dealt":549,"minecraft:swim_one_cm":28890,"minecraft:fly_one_cm":63775,"minecraft:crouch_one_cm":4164,"minecraft:play_time":30484,"minecraft:deaths":1,"minecraft:sneak_time":1815,"minecraft:walk_under_water_one_cm":9789,"minecraft:jump":401,"minecraft:walk_on_water_one_cm":3550,"minecraft:total_world_time":30484,"minecraft:fall_one_cm":9486},"minecraft:killed_by":{"minecraft:husk":1},"minecraft:picked_up":{"minecraft:cocoa_beans":4,"minecraft:crafting_table":2,"minecraft:salmon":10,"minecraft:jungle_log":25,"minecraft:andesite":1,"minecraft:tuff":2,"minecraft:dirt":7,"minecraft:lapis_lazuli":24,"minecraft:cobbled_deepslate":20,"minecraft:furnace":3,"minecraft:stick":10,"minecraft:raw_iron":61,"minecraft:jungle_door":1,"minecraft:torch":1,"minecraft:diorite":1,"minecraft:redstone":15,"minecraft:rotten_flesh":1,"minecraft:diamond":2,"minecraft:granite":9,"minecraft:coal":46,"minecraft:rail":8,"minecraft:cobblestone":61}},"DataVersion":3839}