{"stats":{"minecraft:used":{"minecraft:diorite":1,"minecraft:stone_pickaxe":129,"minecraft:wooden_pickaxe":32,"minecraft:shield":10,"minecraft:leather_boots":1,"minecraft:cooked_salmon":2,"minecraft:rotten_flesh":4,"minecraft:jungle_boat":3,"minecraft:iron_chestplate":1,"minecraft:torch":5,"minecraft:dirt":4,"minecraft:crafting_table":5,"minecraft:tuff":2,"minecraft:granite":9,"minecraft:iron_axe":26,"minecraft:melon_slice":7,"minecraft:iron_pickaxe":87,"minecraft:jungle_log":6,"minecraft:iron_boots":1,"minecraft:stone_axe":113,"minecraft:cobblestone":20,"minecraft:furnace":5,"minecraft:jungle_door":3,"minecraft:andesite":2,"minecraft:cooked_beef":2,"minecraft:pumpkin":2},"minecraft:mined":{"minecraft:deepslate_redstone_ore":3,"minecraft:tuff":4,"minecraft:jungle_door":1,"minecraft:deepslate_diamond_ore":7,"minecraft:jungle_leaves":1,"minecraft:crafting_table":4,"minecraft:torch":1,"minecraft:granite":9,"minecraft:short_grass":19,"minecraft:grass_block":3,"minecraft:melon":13,"minecraft:jungle_log":35,"minecraft:dead_bush":11,"minecraft:copper_ore":1,"minecraft:cobblestone":1,"minecraft:lapis_ore":2,"minecraft:kelp":2,"minecraft:diorite":4,"minecraft:wall_torch":3,"minecraft:furnace":3,"minecraft:iron_ore":51,"minecraft:andesite":2,"minecraft:pumpkin":10,"minecraft:deepslate_lapis_ore":2,"minecraft:coal_ore":26,"minecraft:cocoa":1,"minecraft:deepslate_iron_ore":10,"minecraft:vine":4,"minecraft:rail":8,"minecraft:dirt":5,"minecraft:sand":1,"minecraft:stone":70,"minecraft:deepslate":40,"minecraft:fern":1},"minecraft:broken":{"minecraft:stone_axe":1},"minecraft:dropped":{"minecraft:kelp":8,"minecraft:diamond":8,"minecraft:diorite":1,"minecraft:andesite":1,"minecraft:wooden_pickaxe":1,"minecraft:stone_pickaxe":3},"minecraft:crafted":{"minecraft:cooked_beef":1,"minecraft:crafting_table":2,"minecraft:jungle_boat":1,"minecraft:wooden_pickaxe":1,"minecraft:iron_helmet":1,"minecraft:furnace":5,"minecraft:cooked_salmon":2,"minecraft:bucket":1,"minecraft:stone_axe":1,"minecraft:air":0,"minecraft:jungle_planks":40,"minecraft:jungle_door":3,"minecraft:iron_boots":1,"minecraft:iron_chestplate":1,"minecraft:shield":1,"minecraft:iron_axe":1,"minecraft:stick":12,"minecraft:iron_ingot":48,"minecraft:iron_pickaxe":1,"minecraft:stone_pickaxe":3,"minecraft:iron_leggings":1,"minecraft:torch":8},"minecraft:killed":{"minecraft:cave_spider":1,"minecraft:pig":13,"minecraft:salmon":10,"minecraft:sheep":2,"minecraft:zombie":1,"minecraft:chicken":5,"minecraft:cow":13},"minecraft:custom":{"minecraft:interact_with_furnace":40,"minecraft:mob_kills":46,"minecraft:interact_with_crafting_table":17,"minecraft:leave_game":3,"minecraft:time_since_death":48688,"minecraft:sleep_in_bed":1,"minecraft:climb_one_cm":2185,"minecraft:time_since_rest":43753,"minecraft:sprint_one_cm":179351,"minecraft:damage_taken":472,"minecraft:walk_one_cm":121369,"minecraft:damage_blocked_by_shield":341,"minecraft:drop":10,"minecraft:damage_dealt":3874,"minecraft:swim_one_cm":34666,"minecraft:fly_one_cm":152244,"minecraft:open_chest":3,"minecraft:crouch_one_cm":5902,"minecraft:play_time":52681,"minecraft:deaths":1,"minecraft:sneak_time":2776,"minecraft:walk_under_water_one_cm":17184,"minecraft:boat_one_cm":59696,"minecraft:jump":991,"minecraft:walk_on_water_one_cm":7609,"minecraft:total_world_time":52681,"minecraft:fall_one_cm":18384},"minecraft:killed_by":{"minecraft:husk":1},"minecraft:picked_up":{"minecraft:jungle_boat":3,"minecraft:cocoa_beans":10,"minecraft:crafting_table":4,"minecraft:cooked_beef":5,"minecraft:feather":2,"minecraft:chicken":5,"minecraft:jungle_log":35,"minecraft:salmon":10,"minecraft:andesite":3,"minecraft:leather":8,"minecraft:tuff":2,"minecraft:lapis_lazuli":24,"minecraft:dirt":8,"minecraft:raw_copper":3,"minecraft:bone":4,"minecraft:kelp":16,"minecraft:wheat_seeds":1,"minecraft:cobbled_deepslate":36,"minecraft:beef":25,"minecraft:melon_slice":60,"minecraft:furnace":3,"minecraft:stick":10,"minecraft:raw_iron":62,"minecraft:jungle_door":1,"minecraft:pumpkin":10,"minecraft:torch":2,"minecraft:porkchop":22,"minecraft:sand":1,"minecraft:diorite":2,"minecraft:redstone":15,"minecraft:rotten_flesh":4,"minecraft:diamond":8,"minecraft:granite":9,"minecraft:white_wool":3,"minecraft:mutton":5,"minecraft:coal":46,"minecraft:rail":8,"minecraft:cobblestone":72}},"DataVersion":3839}