{"stats":{"minecraft:mined":{"minecraft:tuff":24,"minecraft:white_bed":5,"minecraft:farmland":1,"minecraft:deepslate_diamond_ore":7,"minecraft:jungle_leaves":2,"minecraft:lever":1,"minecraft:ladder":2,"minecraft:grass_block":86,"minecraft:jungle_log":3,"minecraft:hay_block":23,"minecraft:oak_trapdoor":2,"minecraft:furnace":3,"minecraft:carrots":5,"minecraft:iron_ore":38,"minecraft:cobbled_deepslate":3,"minecraft:andesite":3,"minecraft:deepslate_lapis_ore":4,"minecraft:azure_bluet":1,"minecraft:potatoes":13,"minecraft:deepslate_iron_ore":32,"minecraft:dirt_path":68,"minecraft:rail":4,"minecraft:oak_stairs":1,"minecraft:bamboo":1,"minecraft:stone":134,"minecraft:deepslate_redstone_ore":17,"minecraft:dandelion":5,"minecraft:crafting_table":4,"minecraft:torch":2,"minecraft:short_grass":18,"minecraft:blast_furnace":3,"minecraft:melon":9,"minecraft:dead_bush":2,"minecraft:tall_grass":2,"minecraft:cobblestone":12,"minecraft:deepslate_gold_ore":15,"minecraft:oak_planks":7,"minecraft:sugar_cane":10,"minecraft:diorite":1,"minecraft:wall_torch":8,"minecraft:cactus":1,"minecraft:yellow_bed":1,"minecraft:oak_log":63,"minecraft:coal_ore":86,"minecraft:gravel":53,"minecraft:sand":20,"minecraft:dirt":17,"minecraft:oak_leaves":4,"minecraft:deepslate":46,"minecraft:fern":1},"minecraft:used":{"minecraft:oak_trapdoor":6,"minecraft:iron_shovel":192,"minecraft:chest":2,"minecraft:stone":29,"minecraft:stone_hoe":74,"minecraft:cooked_chicken":2,"minecraft:rotten_flesh":1,"minecraft:torch":42,"minecraft:dirt":78,"minecraft:carrot":26,"minecraft:tuff":25,"minecraft:iron_axe":142,"minecraft:furnace":5,"minecraft:beetroot_seeds":3,"minecraft:minecart":2,"minecraft:potato":12,"minecraft:cobbled_deepslate":50,"minecraft:wheat_seeds":10,"minecraft:cooked_mutton":4,"minecraft:water_bucket":18,"minecraft:stone_pickaxe":124,"minecraft:oak_planks":51,"minecraft:wooden_pickaxe":23,"minecraft:composter":2,"minecraft:sugar_cane":24,"minecraft:jungle_boat":1,"minecraft:glow_berries":1,"minecraft:sand":20,"minecraft:rail":68,"minecraft:crafting_table":5,"minecraft:blast_furnace":2,"minecraft:white_bed":6,"minecraft:oak_log":28,"minecraft:lever":1,"minecraft:melon_slice":43,"minecraft:bread":17,"minecraft:iron_pickaxe":352,"minecraft:gravel":7,"minecraft:cobblestone":45,"minecraft:cooked_porkchop":2,"minecraft:bucket":18,"minecraft:andesite":1,"minecraft:yellow_bed":1,"minecraft:bone_meal":12},"minecraft:broken":{"minecraft:stone_pickaxe":1,"minecraft:iron_pickaxe":1},"minecraft:dropped":{"minecraft:wheat_seeds":2,"minecraft:diorite":1,"minecraft:cornflower":1,"minecraft:jungle_sapling":1,"minecraft:cactus":1,"minecraft:dandelion":5,"minecraft:rotten_flesh":18,"minecraft:oak_planks":29,"minecraft:azure_bluet":1,"minecraft:poppy":1,"minecraft:andesite":2,"minecraft:ladder":2,"minecraft:spider_eye":1},"minecraft:crafted":{"minecraft:oak_planks":116,"minecraft:cooked_chicken":2,"minecraft:furnace":2,"minecraft:stone":64,"minecraft:bone_meal":12,"minecraft:cooked_mutton":4,"minecraft:oak_trapdoor":6,"minecraft:iron_axe":1,"minecraft:chest":2,"minecraft:rail":64,"minecraft:stone_hoe":1,"minecraft:minecart":1,"minecraft:wheat":144,"minecraft:oak_slab":18,"minecraft:cooked_porkchop":8,"minecraft:crafting_table":1,"minecraft:jungle_boat":1,"minecraft:wooden_pickaxe":1,"minecraft:bucket":1,"minecraft:bread":48,"minecraft:air":0,"minecraft:jungle_planks":16,"minecraft:iron_chestplate":1,"minecraft:stick":24,"minecraft:iron_ingot":66,"minecraft:iron_pickaxe":2,"minecraft:iron_shovel":1,"minecraft:white_bed":1,"minecraft:composter":2,"minecraft:torch":32},"minecraft:killed":{"minecraft:spider":3,"minecraft:slime":3,"minecraft:skeleton":5,"minecraft:chicken":1,"minecraft:husk":1,"minecraft:pig":5,"minecraft:iron_golem":2,"minecraft:wandering_trader":1,"minecraft:sheep":6,"minecraft:trader_llama":2,"minecraft:zombie":9,"minecraft:cow":8},"minecraft:custom":{"minecraft:mob_kills":47,"minecraft:interact_with_crafting_table":35,"minecraft:leave_game":6,"minecraft:time_since_death":133006,"minecraft:climb_one_cm":1351,"minecraft:sprint_one_cm":307973,"minecraft:walk_one_cm":427570,"minecraft:drop":31,"minecraft:talked_to_villager":8,"minecraft:play_time":155324,"minecraft:deaths":1,"minecraft:sneak_time":6637,"minecraft:walk_under_water_one_cm":11277,"minecraft:boat_one_cm":17507,"minecraft:jump":2617,"minecraft:interact_with_blast_furnace":1,"minecraft:walk_on_water_one_cm":11745,"minecraft:total_world_time":155324,"minecraft:interact_with_furnace":47,"minecraft:sleep_in_bed":9,"minecraft:time_since_rest":24715,"minecraft:damage_taken":2042,"minecraft:damage_dealt":8082,"minecraft:swim_one_cm":9725,"minecraft:fly_one_cm":446213,"minecraft:open_chest":64,"minecraft:crouch_one_cm":18874,"minecraft:fall_one_cm":80399},"minecraft:picked_up":{"minecraft:crafting_table":4,"minecraft:iron_chestplate":1,"minecraft:azure_bluet":1,"minecraft:chicken":2,"minecraft:ladder":2,"minecraft:lead":2,"minecraft:oak_stairs":1,"minecraft:cornflower":1,"minecraft:string":5,"minecraft:oak_trapdoor":2,"minecraft:cobbled_deepslate":50,"minecraft:beef":16,"minecraft:jungle_sapling":1,"minecraft:poppy":3,"minecraft:iron_pickaxe":1,"minecraft:minecart":2,"minecraft:melon_slice":60,"minecraft:sugar_cane":24,"minecraft:furnace":3,"minecraft:raw_iron":100,"minecraft:stick":3,"minecraft:torch":14,"minecraft:porkchop":13,"minecraft:diorite":2,"minecraft:carrot":26,"minecraft:redstone":67,"minecraft:rotten_flesh":19,"minecraft:arrow":3,"minecraft:cactus":2,"minecraft:beetroot_seeds":3,"minecraft:hay_block":23,"minecraft:glow_berries":1,"minecraft:mutton":7,"minecraft:rail":4,"minecraft:white_wool":6,"minecraft:cobblestone":158,"minecraft:feather":4,"minecraft:jungle_boat":1,"minecraft:andesite":3,"minecraft:jungle_log":4,"minecraft:leather":9,"minecraft:potato":22,"minecraft:flint":4,"minecraft:tuff":25,"minecraft:oak_log":63,"minecraft:yellow_bed":1,"minecraft:lapis_lazuli":25,"minecraft:dirt":172,"minecraft:cooked_mutton":3,"minecraft:bone":4,"minecraft:wheat_seeds":12,"minecraft:raw_gold":15,"minecraft:stone_pickaxe":2,"minecraft:iron_ingot":11,"minecraft:bamboo":14,"minecraft:oak_planks":37,"minecraft:dandelion":5,"minecraft:gravel":49,"minecraft:jungle_planks":7,"minecraft:sand":25,"minecraft:blast_furnace":3,"minecraft:white_bed":6,"minecraft:spider_eye":1,"minecraft:diamond":7,"minecraft:lever":1,"minecraft:coal":155,"minecraft:ender_pearl":1}},"DataVersion":3839}