{"stats":{"minecraft:mined":{"minecraft:cactus":1,"minecraft:sand":6},"minecraft:used":{"minecraft:rotten_flesh":1,"minecraft:sand":6},"minecraft:dropped":{"minecraft:rotten_flesh":1},"minecraft:killed":{"minecraft:husk":1},"minecraft:custom":{"minecraft:time_since_rest":2971,"minecraft:crouch_one_cm":619,"minecraft:play_time":2971,"minecraft:sprint_one_cm":2911,"minecraft:damage_taken":210,"minecraft:walk_one_cm":6719,"minecraft:sneak_time":539,"minecraft:walk_under_water_one_cm":478,"minecraft:mob_kills":1,"minecraft:drop":1,"minecraft:jump":65,"minecraft:damage_dealt":259,"minecraft:leave_game":4,"minecraft:walk_on_water_one_cm":721,"minecraft:time_since_death":2971,"minecraft:total_world_time":2971,"minecraft:fall_one_cm":1147,"minecraft:fly_one_cm":4385},"minecraft:picked_up":{"minecraft:cactus":1,"minecraft:rotten_flesh":2,"minecraft:sand":6}},"DataVersion":3839}