{"stats":{"minecraft:used":{"minecraft:melon_slice":22,"minecraft:stone_pickaxe":68,"minecraft:wooden_pickaxe":23,"minecraft:rotten_flesh":1,"minecraft:sand":9,"minecraft:crafting_table":1,"minecraft:white_bed":1},"minecraft:mined":{"minecraft:cactus":1,"minecraft:white_bed":1,"minecraft:iron_ore":16,"minecraft:jungle_leaves":2,"minecraft:crafting_table":1,"minecraft:short_grass":1,"minecraft:coal_ore":55,"minecraft:oak_log":1,"minecraft:melon":9,"minecraft:jungle_log":3,"minecraft:dead_bush":1,"minecraft:sand":15,"minecraft:bamboo":1,"minecraft:stone":4,"minecraft:fern":1},"minecraft:dropped":{"minecraft:rotten_flesh":1,"minecraft:jungle_sapling":1},"minecraft:crafted":{"minecraft:oak_planks":4,"minecraft:crafting_table":1,"minecraft:stick":4,"minecraft:wooden_pickaxe":1,"minecraft:white_bed":1,"minecraft:torch":4,"minecraft:jungle_planks":16},"minecraft:killed":{"minecraft:sheep":3,"minecraft:husk":1,"minecraft:spider":1},"minecraft:custom":{"minecraft:time_since_rest":7377,"minecraft:sprint_one_cm":28758,"minecraft:damage_taken":497,"minecraft:walk_one_cm":43318,"minecraft:mob_kills":5,"minecraft:drop":2,"minecraft:damage_dealt":709,"minecraft:interact_with_crafting_table":4,"minecraft:swim_one_cm":2905,"minecraft:fly_one_cm":34392,"minecraft:crouch_one_cm":3589,"minecraft:play_time":14949,"minecraft:sneak_time":1955,"minecraft:walk_under_water_one_cm":644,"minecraft:jump":265,"minecraft:leave_game":4,"minecraft:time_since_death":14949,"minecraft:walk_on_water_one_cm":1407,"minecraft:sleep_in_bed":1,"minecraft:total_world_time":14949,"minecraft:climb_one_cm":282,"minecraft:fall_one_cm":8669},"minecraft:picked_up":{"minecraft:raw_iron":16,"minecraft:stick":2,"minecraft:crafting_table":1,"minecraft:jungle_log":4,"minecraft:sand":15,"minecraft:oak_log":1,"minecraft:white_bed":1,"minecraft:string":2,"minecraft:cactus":1,"minecraft:rotten_flesh":2,"minecraft:stone_pickaxe":1,"minecraft:jungle_sapling":1,"minecraft:bamboo":14,"minecraft:melon_slice":43,"minecraft:mutton":4,"minecraft:coal":55,"minecraft:white_wool":3,"minecraft:cobblestone":7}},"DataVersion":3839}