{"stats":{"minecraft:used":{"minecraft:cooked_mutton":4,"minecraft:water_bucket":1,"minecraft:stone_pickaxe":116,"minecraft:wooden_pickaxe":23,"minecraft:rotten_flesh":1,"minecraft:torch":2,"minecraft:glow_berries":1,"minecraft:sand":16,"minecraft:crafting_table":2,"minecraft:white_bed":1,"minecraft:melon_slice":35,"minecraft:iron_pickaxe":128,"minecraft:furnace":1,"minecraft:andesite":1,"minecraft:bucket":1},"minecraft:mined":{"minecraft:deepslate_redstone_ore":10,"minecraft:tuff":3,"minecraft:white_bed":1,"minecraft:deepslate_diamond_ore":7,"minecraft:jungle_leaves":2,"minecraft:crafting_table":1,"minecraft:short_grass":1,"minecraft:melon":9,"minecraft:jungle_log":3,"minecraft:dead_bush":2,"minecraft:tall_grass":1,"minecraft:deepslate_gold_ore":15,"minecraft:diorite":1,"minecraft:wall_torch":2,"minecraft:cactus":1,"minecraft:iron_ore":38,"minecraft:andesite":1,"minecraft:deepslate_lapis_ore":4,"minecraft:oak_log":1,"minecraft:coal_ore":77,"minecraft:deepslate_iron_ore":32,"minecraft:sand":20,"minecraft:bamboo":1,"minecraft:stone":14,"minecraft:deepslate":6,"minecraft:fern":1},"minecraft:dropped":{"minecraft:rotten_flesh":1,"minecraft:jungle_sapling":1},"minecraft:crafted":{"minecraft:oak_planks":4,"minecraft:crafting_table":1,"minecraft:wooden_pickaxe":1,"minecraft:furnace":1,"minecraft:bucket":1,"minecraft:cooked_mutton":4,"minecraft:air":0,"minecraft:jungle_planks":16,"minecraft:iron_chestplate":1,"minecraft:stick":4,"minecraft:iron_ingot":25,"minecraft:iron_pickaxe":1,"minecraft:white_bed":1,"minecraft:torch":4},"minecraft:killed":{"minecraft:husk":1,"minecraft:spider":2,"minecraft:slime":3,"minecraft:skeleton":3,"minecraft:sheep":3,"minecraft:zombie":3},"minecraft:custom":{"minecraft:interact_with_furnace":9,"minecraft:mob_kills":16,"minecraft:interact_with_crafting_table":8,"minecraft:leave_game":4,"minecraft:time_since_death":10631,"minecraft:sleep_in_bed":1,"minecraft:climb_one_cm":282,"minecraft:time_since_rest":10690,"minecraft:sprint_one_cm":84820,"minecraft:damage_taken":1368,"minecraft:walk_one_cm":86839,"minecraft:drop":2,"minecraft:damage_dealt":2360,"minecraft:swim_one_cm":3185,"minecraft:fly_one_cm":113173,"minecraft:crouch_one_cm":7673,"minecraft:play_time":32949,"minecraft:deaths":1,"minecraft:sneak_time":3898,"minecraft:walk_under_water_one_cm":3554,"minecraft:jump":700,"minecraft:walk_on_water_one_cm":3984,"minecraft:total_world_time":32949,"minecraft:fall_one_cm":26451},"minecraft:picked_up":{"minecraft:iron_chestplate":1,"minecraft:crafting_table":1,"minecraft:jungle_log":4,"minecraft:andesite":1,"minecraft:tuff":4,"minecraft:oak_log":1,"minecraft:lapis_lazuli":25,"minecraft:string":4,"minecraft:cooked_mutton":3,"minecraft:cobbled_deepslate":7,"minecraft:raw_gold":15,"minecraft:iron_ingot":2,"minecraft:stone_pickaxe":2,"minecraft:jungle_sapling":1,"minecraft:iron_pickaxe":1,"minecraft:bamboo":14,"minecraft:melon_slice":60,"minecraft:oak_planks":1,"minecraft:stick":3,"minecraft:raw_iron":70,"minecraft:torch":6,"minecraft:sand":25,"minecraft:jungle_planks":7,"minecraft:diorite":2,"minecraft:white_bed":2,"minecraft:redstone":37,"minecraft:arrow":2,"minecraft:cactus":2,"minecraft:rotten_flesh":5,"minecraft:diamond":7,"minecraft:glow_berries":1,"minecraft:mutton":4,"minecraft:coal":146,"minecraft:white_wool":3,"minecraft:cobblestone":26}},"DataVersion":3839}