{"stats":{"minecraft:broken":{"minecraft:stone_pickaxe":1,"minecraft:iron_axe":1,"minecraft:iron_pickaxe":2},"minecraft:crafted":{"minecraft:oak_planks":140,"minecraft:cooked_chicken":2,"minecraft:furnace":2,"minecraft:stone":64,"minecraft:bone_meal":12,"minecraft:cooked_mutton":4,"minecraft:oak_trapdoor":6,"minecraft:iron_axe":2,"minecraft:chest":2,"minecraft:rail":64,"minecraft:stone_hoe":1,"minecraft:wheat":144,"minecraft:minecart":1,"minecraft:oak_slab":18,"minecraft:cooked_porkchop":8,"minecraft:crafting_table":1,"minecraft:jungle_boat":1,"minecraft:wooden_pickaxe":1,"minecraft:fletching_table":2,"minecraft:bucket":1,"minecraft:bread":48,"minecraft:air":0,"minecraft:jungle_planks":16,"minecraft:oak_boat":1,"minecraft:iron_chestplate":1,"minecraft:paper":36,"minecraft:diamond_pickaxe":1,"minecraft:stick":28,"minecraft:iron_ingot":66,"minecraft:iron_pickaxe":3,"minecraft:iron_shovel":1,"minecraft:white_bed":1,"minecraft:composter":2,"minecraft:torch":32},"minecraft:mined":{"minecraft:tuff":24,"minecraft:white_bed":5,"minecraft:farmland":1,"minecraft:deepslate_diamond_ore":7,"minecraft:mossy_stone_brick_slab":1,"minecraft:jungle_leaves":2,"minecraft:obsidian":11,"minecraft:lever":1,"minecraft:ladder":2,"minecraft:grass_block":89,"minecraft:jungle_log":3,"minecraft:sandstone":10,"minecraft:hay_block":61,"minecraft:oak_trapdoor":6,"minecraft:furnace":3,"minecraft:carrots":6,"minecraft:iron_ore":38,"minecraft:cobbled_deepslate":3,"minecraft:andesite":3,"minecraft:deepslate_lapis_ore":4,"minecraft:azure_bluet":1,"minecraft:gold_block":2,"minecraft:potatoes":13,"minecraft:deepslate_iron_ore":32,"minecraft:dirt_path":68,"minecraft:rail":4,"minecraft:oak_stairs":1,"minecraft:bamboo":1,"minecraft:stone":138,"minecraft:tripwire":1,"minecraft:deepslate_redstone_ore":17,"minecraft:crimson_nylium":1,"minecraft:dandelion":5,"minecraft:oak_fence":2,"minecraft:crafting_table":4,"minecraft:torch":2,"minecraft:short_grass":44,"minecraft:blast_furnace":4,"minecraft:calcite":32,"minecraft:melon":23,"minecraft:nether_quartz_ore":1,"minecraft:dead_bush":2,"minecraft:lectern":34,"minecraft:cobblestone":21,"minecraft:tall_grass":3,"minecraft:deepslate_gold_ore":15,"minecraft:sugar_cane":41,"minecraft:oak_planks":7,"minecraft:diorite":1,"minecraft:wall_torch":8,"minecraft:cactus":1,"minecraft:nether_wart_block":7,"minecraft:yellow_bed":1,"minecraft:coal_ore":102,"minecraft:oak_log":75,"minecraft:gravel":53,"minecraft:sand":20,"minecraft:dirt":18,"minecraft:tripwire_hook":1,"minecraft:stone_bricks":1,"minecraft:netherrack":186,"minecraft:oak_leaves":5,"minecraft:deepslate":46,"minecraft:fern":1},"minecraft:picked_up":{"minecraft:crafting_table":4,"minecraft:iron_chestplate":1,"minecraft:azure_bluet":1,"minecraft:chicken":5,"minecraft:ladder":2,"minecraft:lead":2,"minecraft:oak_stairs":1,"minecraft:gold_block":1,"minecraft:cornflower":1,"minecraft:oak_trapdoor":6,"minecraft:string":10,"minecraft:cobbled_deepslate":50,"minecraft:beef":22,"minecraft:oak_boat":3,"minecraft:calcite":28,"minecraft:jungle_sapling":1,"minecraft:poppy":3,"minecraft:iron_pickaxe":1,"minecraft:minecart":2,"minecraft:lectern":34,"minecraft:melon_slice":141,"minecraft:sugar_cane":85,"minecraft:furnace":3,"minecraft:stick":3,"minecraft:raw_iron":100,"minecraft:sandstone":11,"minecraft:oak_fence":2,"minecraft:torch":15,"minecraft:porkchop":13,"minecraft:diorite":2,"minecraft:carrot":27,"minecraft:redstone":67,"minecraft:rotten_flesh":21,"minecraft:arrow":3,"minecraft:cactus":2,"minecraft:beetroot_seeds":3,"minecraft:hay_block":61,"minecraft:obsidian":11,"minecraft:glow_berries":1,"minecraft:mutton":9,"minecraft:rail":4,"minecraft:white_wool":7,"minecraft:cobblestone":170,"minecraft:jungle_boat":4,"minecraft:feather":4,"minecraft:tripwire_hook":3,"minecraft:andesite":3,"minecraft:jungle_log":4,"minecraft:leather":13,"minecraft:potato":22,"minecraft:flint":4,"minecraft:tuff":25,"minecraft:oak_log":75,"minecraft:nether_wart_block":1,"minecraft:yellow_bed":1,"minecraft:lapis_lazuli":25,"minecraft:dirt":176,"minecraft:cooked_mutton":3,"minecraft:bone":4,"minecraft:stone_bricks":1,"minecraft:kelp":3,"minecraft:wheat_seeds":16,"minecraft:raw_gold":15,"minecraft:rabbit_hide":1,"minecraft:iron_ingot":11,"minecraft:stone_pickaxe":2,"minecraft:rabbit":1,"minecraft:bamboo":14,"minecraft:oak_planks":37,"minecraft:dandelion":5,"minecraft:gravel":49,"minecraft:jungle_planks":7,"minecraft:sand":26,"minecraft:blast_furnace":4,"minecraft:white_bed":6,"minecraft:spider_eye":1,"minecraft:diamond":7,"minecraft:lever":3,"minecraft:netherrack":143,"minecraft:coal":171,"minecraft:ender_pearl":1},"minecraft:killed":{"minecraft:spider":3,"minecraft:slime":3,"minecraft:skeleton":5,"minecraft:chicken":4,"minecraft:husk":1,"minecraft:pig":5,"minecraft:iron_golem":2,"minecraft:wandering_trader":1,"minecraft:sheep":7,"minecraft:trader_llama":2,"minecraft:zombie":11,"minecraft:cow":11},"minecraft:used":{"minecraft:oak_fence":1,"minecraft:oak_trapdoor":8,"minecraft:iron_shovel":192,"minecraft:chest":2,"minecraft:stone":29,"minecraft:stone_hoe":112,"minecraft:cooked_chicken":2,"minecraft:rotten_flesh":1,"minecraft:netherrack":20,"minecraft:torch":42,"minecraft:dirt":81,"minecraft:carrot":27,"minecraft:tuff":25,"minecraft:iron_axe":230,"minecraft:stone_bricks":1,"minecraft:tripwire_hook":2,"minecraft:furnace":5,"minecraft:beetroot_seeds":3,"minecraft:minecart":2,"minecraft:potato":12,"minecraft:cobbled_deepslate":50,"minecraft:calcite":28,"minecraft:wheat_seeds":13,"minecraft:cooked_mutton":4,"minecraft:water_bucket":20,"minecraft:stone_pickaxe":124,"minecraft:oak_planks":51,"minecraft:wooden_pickaxe":23,"minecraft:sandstone":10,"minecraft:composter":2,"minecraft:fletching_table":2,"minecraft:sugar_cane":49,"minecraft:jungle_boat":4,"minecraft:glow_berries":1,"minecraft:sand":21,"minecraft:rail":68,"minecraft:crafting_table":5,"minecraft:blast_furnace":3,"minecraft:white_bed":6,"minecraft:oak_log":28,"minecraft:lever":2,"minecraft:diamond_pickaxe":14,"minecraft:bread":27,"minecraft:string":5,"minecraft:iron_pickaxe":615,"minecraft:melon_slice":43,"minecraft:lectern":34,"minecraft:gravel":7,"minecraft:cobblestone":60,"minecraft:cooked_porkchop":2,"minecraft:bucket":20,"minecraft:andesite":1,"minecraft:yellow_bed":1,"minecraft:oak_boat":3,"minecraft:bone_meal":12},"minecraft:custom":{"minecraft:mob_kills":56,"minecraft:interact_with_crafting_table":42,"minecraft:leave_game":8,"minecraft:time_since_death":6550,"minecraft:climb_one_cm":2011,"minecraft:sprint_one_cm":410713,"minecraft:walk_one_cm":537030,"minecraft:drop":40,"minecraft:talked_to_villager":49,"minecraft:play_time":217184,"minecraft:deaths":2,"minecraft:sneak_time":9735,"minecraft:walk_under_water_one_cm":21486,"minecraft:boat_one_cm":531883,"minecraft:jump":3590,"minecraft:interact_with_blast_furnace":2,"minecraft:walk_on_water_one_cm":27083,"minecraft:total_world_time":217184,"minecraft:interact_with_furnace":50,"minecraft:sleep_in_bed":9,"minecraft:time_since_rest":6654,"minecraft:damage_taken":2639,"minecraft:damage_dealt":9576,"minecraft:swim_one_cm":38933,"minecraft:fly_one_cm":640136,"minecraft:open_chest":91,"minecraft:crouch_one_cm":27747,"minecraft:fall_one_cm":111680,"minecraft:horse_one_cm":6469},"minecraft:dropped":{"minecraft:wheat_seeds":3,"minecraft:diorite":1,"minecraft:cornflower":1,"minecraft:nether_wart_block":1,"minecraft:jungle_sapling":1,"minecraft:cactus":1,"minecraft:dandelion":5,"minecraft:kelp":3,"minecraft:rotten_flesh":20,"minecraft:oak_planks":29,"minecraft:azure_bluet":1,"minecraft:filled_map":1,"minecraft:poppy":1,"minecraft:andesite":2,"minecraft:ladder":2,"minecraft:spider_eye":1,"minecraft:sandstone":1}},"DataVersion":3839}