{"stats":{"minecraft:dropped":{"minecraft:rotten_flesh":1},"minecraft:used":{"minecraft:rotten_flesh":1,"minecraft:sand":3},"minecraft:custom":{"minecraft:jump":53,"minecraft:time_since_rest":1989,"minecraft:walk_on_water_one_cm":497,"minecraft:damage_dealt":196,"minecraft:crouch_one_cm":571,"minecraft:leave_game":2,"minecraft:play_time":1989,"minecraft:sprint_one_cm":2911,"minecraft:damage_taken":85,"minecraft:time_since_death":1989,"minecraft:walk_one_cm":4315,"minecraft:sneak_time":504,"minecraft:total_world_time":1989,"minecraft:mob_kills":1,"minecraft:drop":1,"minecraft:fall_one_cm":1147,"minecraft:fly_one_cm":4189},"minecraft:killed":{"minecraft:husk":1},"minecraft:picked_up":{"minecraft:sand":4,"minecraft:rotten_flesh":2},"minecraft:mined":{"minecraft:sand":4}},"DataVersion":3839}