{"stats":{"minecraft:mined":{"minecraft:deepslate_redstone_ore":17,"minecraft:tuff":24,"minecraft:white_bed":2,"minecraft:deepslate_diamond_ore":7,"minecraft:jungle_leaves":2,"minecraft:dandelion":5,"minecraft:crafting_table":4,"minecraft:torch":2,"minecraft:short_grass":17,"minecraft:grass_block":42,"minecraft:melon":9,"minecraft:jungle_log":3,"minecraft:dead_bush":2,"minecraft:tall_grass":2,"minecraft:deepslate_gold_ore":15,"minecraft:sugar_cane":10,"minecraft:diorite":1,"minecraft:wall_torch":6,"minecraft:hay_block":16,"minecraft:cactus":1,"minecraft:furnace":3,"minecraft:iron_ore":38,"minecraft:cobbled_deepslate":3,"minecraft:andesite":3,"minecraft:deepslate_lapis_ore":4,"minecraft:azure_bluet":1,"minecraft:dirt_path":4,"minecraft:coal_ore":85,"minecraft:oak_log":18,"minecraft:deepslate_iron_ore":32,"minecraft:dirt":12,"minecraft:sand":20,"minecraft:bamboo":1,"minecraft:stone":54,"minecraft:oak_leaves":4,"minecraft:deepslate":46,"minecraft:fern":1},"minecraft:used":{"minecraft:cooked_mutton":4,"minecraft:water_bucket":12,"minecraft:iron_shovel":40,"minecraft:stone_pickaxe":124,"minecraft:chest":2,"minecraft:wooden_pickaxe":23,"minecraft:cooked_chicken":2,"minecraft:rotten_flesh":1,"minecraft:jungle_boat":1,"minecraft:torch":8,"minecraft:glow_berries":1,"minecraft:dirt":45,"minecraft:sand":20,"minecraft:crafting_table":5,"minecraft:tuff":25,"minecraft:white_bed":2,"minecraft:iron_axe":48,"minecraft:iron_pickaxe":251,"minecraft:melon_slice":43,"minecraft:cobblestone":27,"minecraft:furnace":3,"minecraft:cooked_porkchop":2,"minecraft:andesite":1,"minecraft:bucket":12,"minecraft:cobbled_deepslate":50},"minecraft:broken":{"minecraft:stone_pickaxe":1,"minecraft:iron_pickaxe":1},"minecraft:dropped":{"minecraft:wheat_seeds":1,"minecraft:rotten_flesh":4,"minecraft:oak_planks":29,"minecraft:azure_bluet":1,"minecraft:poppy":1,"minecraft:diorite":1,"minecraft:cornflower":1,"minecraft:andesite":2,"minecraft:jungle_sapling":1,"minecraft:cactus":1,"minecraft:dandelion":5},"minecraft:crafted":{"minecraft:oak_planks":72,"minecraft:cooked_porkchop":8,"minecraft:crafting_table":1,"minecraft:jungle_boat":1,"minecraft:wooden_pickaxe":1,"minecraft:cooked_chicken":2,"minecraft:furnace":1,"minecraft:bucket":1,"minecraft:oak_trapdoor":4,"minecraft:cooked_mutton":4,"minecraft:air":0,"minecraft:jungle_planks":16,"minecraft:iron_chestplate":1,"minecraft:iron_axe":1,"minecraft:stick":12,"minecraft:iron_ingot":36,"minecraft:iron_pickaxe":2,"minecraft:chest":2,"minecraft:iron_shovel":1,"minecraft:white_bed":1,"minecraft:torch":4},"minecraft:killed":{"minecraft:husk":1,"minecraft:pig":5,"minecraft:spider":2,"minecraft:wandering_trader":1,"minecraft:slime":3,"minecraft:skeleton":3,"minecraft:sheep":4,"minecraft:trader_llama":2,"minecraft:zombie":3,"minecraft:chicken":1,"minecraft:cow":8},"minecraft:custom":{"minecraft:interact_with_furnace":23,"minecraft:mob_kills":34,"minecraft:interact_with_crafting_table":17,"minecraft:leave_game":6,"minecraft:time_since_death":43006,"minecraft:sleep_in_bed":3,"minecraft:climb_one_cm":993,"minecraft:time_since_rest":5731,"minecraft:sprint_one_cm":155636,"minecraft:damage_taken":1601,"minecraft:walk_one_cm":204059,"minecraft:drop":13,"minecraft:damage_dealt":4612,"minecraft:swim_one_cm":9725,"minecraft:talked_to_villager":2,"minecraft:fly_one_cm":234187,"minecraft:open_chest":10,"minecraft:crouch_one_cm":10668,"minecraft:play_time":65324,"minecraft:deaths":1,"minecraft:sneak_time":4832,"minecraft:walk_under_water_one_cm":11029,"minecraft:boat_one_cm":17507,"minecraft:jump":1456,"minecraft:interact_with_blast_furnace":1,"minecraft:walk_on_water_one_cm":11068,"minecraft:total_world_time":65324,"minecraft:fall_one_cm":46371},"minecraft:picked_up":{"minecraft:azure_bluet":1,"minecraft:iron_chestplate":1,"minecraft:crafting_table":4,"minecraft:jungle_boat":1,"minecraft:feather":4,"minecraft:chicken":2,"minecraft:jungle_log":4,"minecraft:andesite":3,"minecraft:leather":9,"minecraft:lead":2,"minecraft:tuff":25,"minecraft:oak_log":18,"minecraft:cornflower":1,"minecraft:dirt":58,"minecraft:lapis_lazuli":25,"minecraft:string":4,"minecraft:cooked_mutton":3,"minecraft:wheat_seeds":1,"minecraft:cobbled_deepslate":50,"minecraft:raw_gold":15,"minecraft:iron_ingot":6,"minecraft:beef":16,"minecraft:stone_pickaxe":2,"minecraft:jungle_sapling":1,"minecraft:poppy":1,"minecraft:iron_pickaxe":1,"minecraft:bamboo":14,"minecraft:sugar_cane":24,"minecraft:melon_slice":60,"minecraft:oak_planks":30,"minecraft:furnace":3,"minecraft:stick":3,"minecraft:raw_iron":100,"minecraft:dandelion":5,"minecraft:torch":12,"minecraft:sand":25,"minecraft:porkchop":13,"minecraft:jungle_planks":7,"minecraft:diorite":2,"minecraft:white_bed":3,"minecraft:redstone":67,"minecraft:cactus":2,"minecraft:arrow":2,"minecraft:rotten_flesh":5,"minecraft:diamond":7,"minecraft:hay_block":16,"minecraft:glow_berries":1,"minecraft:mutton":5,"minecraft:coal":154,"minecraft:white_wool":4,"minecraft:cobblestone":66}},"DataVersion":3839}