{"stats":{"minecraft:mined":{"minecraft:deepslate_redstone_ore":17,"minecraft:tuff":22,"minecraft:white_bed":1,"minecraft:deepslate_diamond_ore":7,"minecraft:jungle_leaves":2,"minecraft:crafting_table":2,"minecraft:torch":2,"minecraft:short_grass":1,"minecraft:melon":9,"minecraft:jungle_log":3,"minecraft:dead_bush":2,"minecraft:tall_grass":1,"minecraft:deepslate_gold_ore":15,"minecraft:sugar_cane":10,"minecraft:diorite":1,"minecraft:wall_torch":6,"minecraft:cactus":1,"minecraft:furnace":1,"minecraft:iron_ore":38,"minecraft:cobbled_deepslate":1,"minecraft:andesite":3,"minecraft:deepslate_lapis_ore":4,"minecraft:coal_ore":77,"minecraft:oak_log":1,"minecraft:deepslate_iron_ore":32,"minecraft:sand":20,"minecraft:bamboo":1,"minecraft:stone":32,"minecraft:deepslate":46,"minecraft:fern":1},"minecraft:used":{"minecraft:cooked_mutton":4,"minecraft:water_bucket":11,"minecraft:stone_pickaxe":124,"minecraft:wooden_pickaxe":23,"minecraft:rotten_flesh":1,"minecraft:torch":8,"minecraft:glow_berries":1,"minecraft:sand":20,"minecraft:crafting_table":2,"minecraft:white_bed":1,"minecraft:iron_pickaxe":211,"minecraft:melon_slice":43,"minecraft:furnace":1,"minecraft:andesite":1,"minecraft:bucket":12,"minecraft:cobbled_deepslate":21},"minecraft:broken":{"minecraft:stone_pickaxe":1,"minecraft:iron_pickaxe":1},"minecraft:dropped":{"minecraft:rotten_flesh":1,"minecraft:jungle_sapling":1},"minecraft:crafted":{"minecraft:oak_planks":4,"minecraft:crafting_table":1,"minecraft:wooden_pickaxe":1,"minecraft:furnace":1,"minecraft:bucket":1,"minecraft:cooked_mutton":4,"minecraft:air":0,"minecraft:jungle_planks":16,"minecraft:iron_chestplate":1,"minecraft:stick":8,"minecraft:iron_ingot":36,"minecraft:iron_pickaxe":2,"minecraft:white_bed":1,"minecraft:torch":4},"minecraft:killed":{"minecraft:husk":1,"minecraft:spider":2,"minecraft:slime":3,"minecraft:sheep":3,"minecraft:skeleton":3,"minecraft:zombie":3},"minecraft:custom":{"minecraft:interact_with_furnace":10,"minecraft:mob_kills":16,"minecraft:interact_with_crafting_table":9,"minecraft:leave_game":5,"minecraft:time_since_death":20825,"minecraft:sleep_in_bed":1,"minecraft:climb_one_cm":593,"minecraft:time_since_rest":20884,"minecraft:sprint_one_cm":106550,"minecraft:damage_taken":1593,"minecraft:walk_one_cm":111085,"minecraft:drop":2,"minecraft:damage_dealt":2480,"minecraft:swim_one_cm":8958,"minecraft:fly_one_cm":154568,"minecraft:crouch_one_cm":8452,"minecraft:sneak_time":4194,"minecraft:play_time":43143,"minecraft:deaths":1,"minecraft:walk_under_water_one_cm":9839,"minecraft:jump":987,"minecraft:walk_on_water_one_cm":9897,"minecraft:total_world_time":43143,"minecraft:fall_one_cm":33831},"minecraft:picked_up":{"minecraft:crafting_table":2,"minecraft:iron_chestplate":1,"minecraft:jungle_log":4,"minecraft:andesite":3,"minecraft:tuff":23,"minecraft:oak_log":1,"minecraft:lapis_lazuli":25,"minecraft:string":4,"minecraft:cooked_mutton":3,"minecraft:cobbled_deepslate":48,"minecraft:raw_gold":15,"minecraft:iron_ingot":2,"minecraft:stone_pickaxe":2,"minecraft:jungle_sapling":1,"minecraft:iron_pickaxe":1,"minecraft:bamboo":14,"minecraft:sugar_cane":24,"minecraft:melon_slice":60,"minecraft:oak_planks":1,"minecraft:furnace":1,"minecraft:stick":3,"minecraft:raw_iron":70,"minecraft:torch":12,"minecraft:sand":25,"minecraft:jungle_planks":7,"minecraft:diorite":2,"minecraft:white_bed":2,"minecraft:redstone":67,"minecraft:cactus":2,"minecraft:arrow":2,"minecraft:rotten_flesh":5,"minecraft:diamond":7,"minecraft:glow_berries":1,"minecraft:mutton":4,"minecraft:coal":146,"minecraft:white_wool":3,"minecraft:cobblestone":44}},"DataVersion":3839}