{"stats":{"minecraft:mined":{"minecraft:tuff":24,"minecraft:white_bed":4,"minecraft:farmland":1,"minecraft:deepslate_diamond_ore":7,"minecraft:jungle_leaves":2,"minecraft:ladder":2,"minecraft:grass_block":83,"minecraft:jungle_log":3,"minecraft:hay_block":23,"minecraft:oak_trapdoor":2,"minecraft:furnace":3,"minecraft:iron_ore":38,"minecraft:cobbled_deepslate":3,"minecraft:andesite":3,"minecraft:deepslate_lapis_ore":4,"minecraft:azure_bluet":1,"minecraft:potatoes":13,"minecraft:deepslate_iron_ore":32,"minecraft:dirt_path":60,"minecraft:rail":2,"minecraft:oak_stairs":1,"minecraft:bamboo":1,"minecraft:stone":133,"minecraft:deepslate_redstone_ore":17,"minecraft:dandelion":5,"minecraft:crafting_table":4,"minecraft:torch":2,"minecraft:short_grass":18,"minecraft:melon":9,"minecraft:dead_bush":2,"minecraft:tall_grass":2,"minecraft:cobblestone":10,"minecraft:deepslate_gold_ore":15,"minecraft:oak_planks":7,"minecraft:sugar_cane":10,"minecraft:diorite":1,"minecraft:wall_torch":7,"minecraft:cactus":1,"minecraft:yellow_bed":1,"minecraft:oak_log":45,"minecraft:coal_ore":86,"minecraft:gravel":53,"minecraft:sand":20,"minecraft:dirt":17,"minecraft:oak_leaves":4,"minecraft:deepslate":46,"minecraft:fern":1},"minecraft:used":{"minecraft:oak_trapdoor":5,"minecraft:iron_shovel":183,"minecraft:chest":2,"minecraft:stone":29,"minecraft:stone_hoe":73,"minecraft:cooked_chicken":2,"minecraft:rotten_flesh":1,"minecraft:torch":16,"minecraft:dirt":65,"minecraft:carrot":5,"minecraft:tuff":25,"minecraft:iron_axe":114,"minecraft:furnace":5,"minecraft:beetroot_seeds":3,"minecraft:minecart":1,"minecraft:potato":12,"minecraft:cobbled_deepslate":50,"minecraft:wheat_seeds":10,"minecraft:cooked_mutton":4,"minecraft:water_bucket":18,"minecraft:stone_pickaxe":124,"minecraft:oak_planks":31,"minecraft:wooden_pickaxe":23,"minecraft:composter":2,"minecraft:sugar_cane":24,"minecraft:jungle_boat":1,"minecraft:glow_berries":1,"minecraft:sand":20,"minecraft:rail":55,"minecraft:crafting_table":5,"minecraft:white_bed":5,"minecraft:oak_log":16,"minecraft:melon_slice":43,"minecraft:bread":12,"minecraft:iron_pickaxe":344,"minecraft:gravel":7,"minecraft:cobblestone":43,"minecraft:cooked_porkchop":2,"minecraft:bucket":18,"minecraft:andesite":1,"minecraft:yellow_bed":1},"minecraft:broken":{"minecraft:stone_pickaxe":1,"minecraft:iron_pickaxe":1},"minecraft:dropped":{"minecraft:wheat_seeds":2,"minecraft:diorite":1,"minecraft:cornflower":1,"minecraft:jungle_sapling":1,"minecraft:cactus":1,"minecraft:dandelion":5,"minecraft:rotten_flesh":16,"minecraft:oak_planks":29,"minecraft:azure_bluet":1,"minecraft:poppy":1,"minecraft:andesite":2,"minecraft:ladder":2},"minecraft:crafted":{"minecraft:oak_planks":116,"minecraft:cooked_chicken":2,"minecraft:furnace":2,"minecraft:stone":64,"minecraft:cooked_mutton":4,"minecraft:oak_trapdoor":6,"minecraft:iron_axe":1,"minecraft:chest":2,"minecraft:rail":64,"minecraft:stone_hoe":1,"minecraft:minecart":1,"minecraft:wheat":144,"minecraft:oak_slab":18,"minecraft:cooked_porkchop":8,"minecraft:crafting_table":1,"minecraft:jungle_boat":1,"minecraft:wooden_pickaxe":1,"minecraft:bucket":1,"minecraft:bread":48,"minecraft:air":0,"minecraft:jungle_planks":16,"minecraft:iron_chestplate":1,"minecraft:stick":24,"minecraft:iron_ingot":66,"minecraft:iron_pickaxe":2,"minecraft:iron_shovel":1,"minecraft:white_bed":1,"minecraft:composter":2,"minecraft:torch":32},"minecraft:killed":{"minecraft:spider":3,"minecraft:slime":3,"minecraft:skeleton":4,"minecraft:chicken":1,"minecraft:husk":1,"minecraft:pig":5,"minecraft:iron_golem":1,"minecraft:wandering_trader":1,"minecraft:sheep":6,"minecraft:trader_llama":2,"minecraft:zombie":8,"minecraft:cow":8},"minecraft:custom":{"minecraft:mob_kills":44,"minecraft:interact_with_crafting_table":32,"minecraft:leave_game":6,"minecraft:time_since_death":91006,"minecraft:climb_one_cm":1351,"minecraft:sprint_one_cm":260285,"minecraft:walk_one_cm":371191,"minecraft:drop":28,"minecraft:talked_to_villager":2,"minecraft:play_time":113324,"minecraft:deaths":1,"minecraft:sneak_time":6471,"minecraft:walk_under_water_one_cm":11277,"minecraft:boat_one_cm":17507,"minecraft:jump":2266,"minecraft:interact_with_blast_furnace":1,"minecraft:walk_on_water_one_cm":11745,"minecraft:total_world_time":113324,"minecraft:interact_with_furnace":41,"minecraft:sleep_in_bed":8,"minecraft:time_since_rest":6668,"minecraft:damage_taken":1928,"minecraft:damage_dealt":7132,"minecraft:swim_one_cm":9725,"minecraft:fly_one_cm":371530,"minecraft:open_chest":50,"minecraft:crouch_one_cm":18417,"minecraft:fall_one_cm":70990},"minecraft:picked_up":{"minecraft:crafting_table":4,"minecraft:iron_chestplate":1,"minecraft:azure_bluet":1,"minecraft:chicken":2,"minecraft:ladder":2,"minecraft:lead":2,"minecraft:oak_stairs":1,"minecraft:cornflower":1,"minecraft:string":5,"minecraft:oak_trapdoor":2,"minecraft:cobbled_deepslate":50,"minecraft:beef":16,"minecraft:jungle_sapling":1,"minecraft:poppy":1,"minecraft:iron_pickaxe":1,"minecraft:minecart":1,"minecraft:melon_slice":60,"minecraft:sugar_cane":24,"minecraft:furnace":3,"minecraft:raw_iron":100,"minecraft:stick":3,"minecraft:torch":13,"minecraft:porkchop":13,"minecraft:diorite":2,"minecraft:carrot":5,"minecraft:redstone":67,"minecraft:rotten_flesh":17,"minecraft:arrow":3,"minecraft:cactus":2,"minecraft:beetroot_seeds":3,"minecraft:hay_block":23,"minecraft:glow_berries":1,"minecraft:mutton":7,"minecraft:rail":2,"minecraft:white_wool":6,"minecraft:cobblestone":155,"minecraft:feather":4,"minecraft:jungle_boat":1,"minecraft:andesite":3,"minecraft:jungle_log":4,"minecraft:leather":9,"minecraft:potato":22,"minecraft:flint":4,"minecraft:tuff":25,"minecraft:oak_log":45,"minecraft:yellow_bed":1,"minecraft:lapis_lazuli":25,"minecraft:dirt":161,"minecraft:cooked_mutton":3,"minecraft:bone":2,"minecraft:wheat_seeds":12,"minecraft:raw_gold":15,"minecraft:stone_pickaxe":2,"minecraft:iron_ingot":6,"minecraft:bamboo":14,"minecraft:oak_planks":37,"minecraft:dandelion":5,"minecraft:gravel":49,"minecraft:jungle_planks":7,"minecraft:sand":25,"minecraft:white_bed":5,"minecraft:spider_eye":1,"minecraft:diamond":7,"minecraft:coal":155}},"DataVersion":3839}