{"stats":{"minecraft:mined":{"minecraft:tuff":24,"minecraft:white_bed":3,"minecraft:farmland":1,"minecraft:deepslate_diamond_ore":7,"minecraft:jungle_leaves":2,"minecraft:grass_block":46,"minecraft:jungle_log":3,"minecraft:hay_block":16,"minecraft:oak_trapdoor":2,"minecraft:furnace":3,"minecraft:iron_ore":38,"minecraft:cobbled_deepslate":3,"minecraft:andesite":3,"minecraft:deepslate_lapis_ore":4,"minecraft:azure_bluet":1,"minecraft:deepslate_iron_ore":32,"minecraft:dirt_path":4,"minecraft:bamboo":1,"minecraft:stone":119,"minecraft:deepslate_redstone_ore":17,"minecraft:dandelion":5,"minecraft:crafting_table":4,"minecraft:torch":2,"minecraft:short_grass":17,"minecraft:melon":9,"minecraft:dead_bush":2,"minecraft:tall_grass":2,"minecraft:cobblestone":4,"minecraft:deepslate_gold_ore":15,"minecraft:sugar_cane":10,"minecraft:diorite":1,"minecraft:wall_torch":6,"minecraft:cactus":1,"minecraft:yellow_bed":1,"minecraft:oak_log":18,"minecraft:coal_ore":86,"minecraft:sand":20,"minecraft:dirt":16,"minecraft:oak_leaves":4,"minecraft:deepslate":46,"minecraft:fern":1},"minecraft:used":{"minecraft:oak_trapdoor":3,"minecraft:iron_shovel":40,"minecraft:chest":2,"minecraft:stone_hoe":60,"minecraft:cooked_chicken":2,"minecraft:rotten_flesh":1,"minecraft:torch":9,"minecraft:dirt":50,"minecraft:tuff":25,"minecraft:iron_axe":52,"minecraft:furnace":3,"minecraft:potato":11,"minecraft:cobbled_deepslate":50,"minecraft:cooked_mutton":4,"minecraft:water_bucket":15,"minecraft:stone_pickaxe":124,"minecraft:wooden_pickaxe":23,"minecraft:composter":2,"minecraft:sugar_cane":24,"minecraft:jungle_boat":1,"minecraft:glow_berries":1,"minecraft:sand":20,"minecraft:crafting_table":5,"minecraft:white_bed":4,"minecraft:melon_slice":43,"minecraft:bread":3,"minecraft:iron_pickaxe":321,"minecraft:cobblestone":36,"minecraft:cooked_porkchop":2,"minecraft:bucket":15,"minecraft:andesite":1,"minecraft:yellow_bed":1},"minecraft:broken":{"minecraft:stone_pickaxe":1,"minecraft:iron_pickaxe":1},"minecraft:dropped":{"minecraft:wheat_seeds":1,"minecraft:diorite":1,"minecraft:cornflower":1,"minecraft:jungle_sapling":1,"minecraft:cactus":1,"minecraft:dandelion":5,"minecraft:rotten_flesh":4,"minecraft:oak_planks":29,"minecraft:azure_bluet":1,"minecraft:poppy":1,"minecraft:andesite":2},"minecraft:crafted":{"minecraft:oak_planks":72,"minecraft:cooked_chicken":2,"minecraft:furnace":1,"minecraft:cooked_mutton":4,"minecraft:oak_trapdoor":4,"minecraft:iron_axe":1,"minecraft:chest":2,"minecraft:stone_hoe":1,"minecraft:oak_slab":18,"minecraft:cooked_porkchop":8,"minecraft:crafting_table":1,"minecraft:jungle_boat":1,"minecraft:wooden_pickaxe":1,"minecraft:bucket":1,"minecraft:air":0,"minecraft:jungle_planks":16,"minecraft:iron_chestplate":1,"minecraft:stick":12,"minecraft:iron_ingot":36,"minecraft:iron_pickaxe":2,"minecraft:iron_shovel":1,"minecraft:white_bed":1,"minecraft:composter":2,"minecraft:torch":4},"minecraft:killed":{"minecraft:spider":2,"minecraft:slime":3,"minecraft:skeleton":3,"minecraft:chicken":1,"minecraft:husk":1,"minecraft:pig":5,"minecraft:wandering_trader":1,"minecraft:sheep":5,"minecraft:trader_llama":2,"minecraft:zombie":3,"minecraft:cow":8},"minecraft:custom":{"minecraft:mob_kills":35,"minecraft:interact_with_crafting_table":23,"minecraft:leave_game":6,"minecraft:time_since_death":55006,"minecraft:climb_one_cm":993,"minecraft:sprint_one_cm":189794,"minecraft:walk_one_cm":253878,"minecraft:drop":13,"minecraft:talked_to_villager":2,"minecraft:play_time":77324,"minecraft:deaths":1,"minecraft:sneak_time":5635,"minecraft:walk_under_water_one_cm":11029,"minecraft:boat_one_cm":17507,"minecraft:jump":1681,"minecraft:interact_with_blast_furnace":1,"minecraft:walk_on_water_one_cm":11709,"minecraft:total_world_time":77324,"minecraft:interact_with_furnace":23,"minecraft:sleep_in_bed":4,"minecraft:time_since_rest":4404,"minecraft:damage_taken":1641,"minecraft:damage_dealt":4692,"minecraft:swim_one_cm":9725,"minecraft:fly_one_cm":273797,"minecraft:open_chest":23,"minecraft:crouch_one_cm":14885,"minecraft:fall_one_cm":55775},"minecraft:picked_up":{"minecraft:crafting_table":4,"minecraft:iron_chestplate":1,"minecraft:azure_bluet":1,"minecraft:chicken":2,"minecraft:lead":2,"minecraft:cornflower":1,"minecraft:string":4,"minecraft:oak_trapdoor":2,"minecraft:cobbled_deepslate":50,"minecraft:beef":16,"minecraft:jungle_sapling":1,"minecraft:poppy":1,"minecraft:iron_pickaxe":1,"minecraft:melon_slice":60,"minecraft:sugar_cane":24,"minecraft:furnace":3,"minecraft:raw_iron":100,"minecraft:stick":3,"minecraft:torch":12,"minecraft:porkchop":13,"minecraft:diorite":2,"minecraft:redstone":67,"minecraft:rotten_flesh":5,"minecraft:arrow":2,"minecraft:cactus":2,"minecraft:hay_block":16,"minecraft:glow_berries":1,"minecraft:mutton":6,"minecraft:white_wool":5,"minecraft:cobblestone":134,"minecraft:feather":4,"minecraft:jungle_boat":1,"minecraft:andesite":3,"minecraft:jungle_log":4,"minecraft:leather":9,"minecraft:tuff":25,"minecraft:oak_log":18,"minecraft:yellow_bed":1,"minecraft:lapis_lazuli":25,"minecraft:dirt":67,"minecraft:cooked_mutton":3,"minecraft:wheat_seeds":1,"minecraft:raw_gold":15,"minecraft:stone_pickaxe":2,"minecraft:iron_ingot":6,"minecraft:bamboo":14,"minecraft:oak_planks":30,"minecraft:dandelion":5,"minecraft:jungle_planks":7,"minecraft:sand":25,"minecraft:white_bed":4,"minecraft:diamond":7,"minecraft:coal":155}},"DataVersion":3839}