{"stats":{"minecraft:used":{"minecraft:water_bucket":6,"minecraft:stone_pickaxe":59,"minecraft:oak_planks":25,"minecraft:shield":10,"minecraft:cooked_salmon":3,"minecraft:rotten_flesh":1,"minecraft:iron_chestplate":1,"minecraft:salmon":3,"minecraft:torch":6,"minecraft:sand":1,"minecraft:crafting_table":3,"minecraft:wooden_axe":54,"minecraft:iron_axe":16,"minecraft:melon_slice":12,"minecraft:iron_pickaxe":149,"minecraft:cobblestone":5,"minecraft:furnace":4,"minecraft:jungle_door":3,"minecraft:andesite":3,"minecraft:bucket":7},"minecraft:mined":{"minecraft:deepslate_redstone_ore":6,"minecraft:tuff":3,"minecraft:jungle_door":2,"minecraft:deepslate_diamond_ore":13,"minecraft:crafting_table":3,"minecraft:torch":2,"minecraft:granite":1,"minecraft:short_grass":4,"minecraft:melon":3,"minecraft:jungle_log":29,"minecraft:dead_bush":10,"minecraft:deepslate_gold_ore":9,"minecraft:lapis_ore":8,"minecraft:sugar_cane":2,"minecraft:diorite":1,"minecraft:raw_iron_block":1,"minecraft:furnace":4,"minecraft:iron_ore":57,"minecraft:andesite":3,"minecraft:deepslate_lapis_ore":3,"minecraft:oak_log":8,"minecraft:coal_ore":25,"minecraft:deepslate_iron_ore":26,"minecraft:vine":4,"minecraft:sand":1,"minecraft:bamboo":1,"minecraft:stone":21,"minecraft:deepslate":26},"minecraft:dropped":{"minecraft:rotten_flesh":5,"minecraft:wooden_axe":2,"minecraft:wooden_pickaxe":1},"minecraft:crafted":{"minecraft:oak_planks":32,"minecraft:crafting_table":1,"minecraft:wooden_pickaxe":1,"minecraft:furnace":2,"minecraft:cooked_salmon":3,"minecraft:bucket":1,"minecraft:air":0,"minecraft:jungle_planks":24,"minecraft:jungle_door":3,"minecraft:iron_chestplate":1,"minecraft:shield":1,"minecraft:iron_axe":1,"minecraft:stick":4,"minecraft:iron_ingot":18,"minecraft:iron_pickaxe":1,"minecraft:wooden_axe":1,"minecraft:torch":4},"minecraft:killed":{"minecraft:husk":1,"minecraft:cave_spider":2,"minecraft:salmon":6,"minecraft:skeleton":1,"minecraft:zombie":1},"minecraft:custom":{"minecraft:interact_with_furnace":25,"minecraft:mob_kills":12,"minecraft:interact_with_crafting_table":9,"minecraft:leave_game":1,"minecraft:time_since_death":30083,"minecraft:sleep_in_bed":1,"minecraft:climb_one_cm":1443,"minecraft:time_since_rest":25266,"minecraft:sprint_one_cm":104957,"minecraft:damage_taken":522,"minecraft:walk_one_cm":60453,"minecraft:damage_blocked_by_shield":283,"minecraft:drop":8,"minecraft:damage_dealt":1504,"minecraft:swim_one_cm":13607,"minecraft:fly_one_cm":104049,"minecraft:crouch_one_cm":12271,"minecraft:play_time":30083,"minecraft:sneak_time":5828,"minecraft:walk_under_water_one_cm":11974,"minecraft:jump":603,"minecraft:walk_on_water_one_cm":12480,"minecraft:total_world_time":30083,"minecraft:fall_one_cm":14308},"minecraft:picked_up":{"minecraft:wooden_axe":1,"minecraft:crafting_table":3,"minecraft:jungle_log":28,"minecraft:salmon":6,"minecraft:andesite":3,"minecraft:tuff":3,"minecraft:oak_log":8,"minecraft:lapis_lazuli":68,"minecraft:string":1,"minecraft:bone":4,"minecraft:bow":1,"minecraft:cobbled_deepslate":14,"minecraft:raw_gold":9,"minecraft:stone_pickaxe":1,"minecraft:bamboo":1,"minecraft:sugar_cane":1,"minecraft:melon_slice":12,"minecraft:furnace":4,"minecraft:stick":7,"minecraft:raw_iron":80,"minecraft:jungle_door":3,"minecraft:torch":3,"minecraft:raw_iron_block":1,"minecraft:sand":1,"minecraft:diorite":1,"minecraft:redstone":27,"minecraft:spider_eye":1,"minecraft:rotten_flesh":6,"minecraft:diamond":14,"minecraft:granite":1,"minecraft:bone_meal":1,"minecraft:coal":51,"minecraft:cobblestone":21}},"DataVersion":3839}