{"stats":{"minecraft:used":{"minecraft:water_bucket":8,"minecraft:stone_pickaxe":59,"minecraft:oak_planks":28,"minecraft:shield":13,"minecraft:cooked_salmon":3,"minecraft:rotten_flesh":1,"minecraft:iron_chestplate":1,"minecraft:salmon":3,"minecraft:torch":7,"minecraft:sand":1,"minecraft:crafting_table":3,"minecraft:jungle_planks":4,"minecraft:wooden_axe":54,"minecraft:iron_axe":51,"minecraft:melon_slice":12,"minecraft:iron_pickaxe":248,"minecraft:bow":1,"minecraft:cobblestone":5,"minecraft:furnace":5,"minecraft:jungle_door":3,"minecraft:andesite":3,"minecraft:bucket":9,"minecraft:cooked_beef":4,"minecraft:cobbled_deepslate":17},"minecraft:mined":{"minecraft:deepslate_redstone_ore":6,"minecraft:tuff":3,"minecraft:jungle_door":2,"minecraft:deepslate_diamond_ore":13,"minecraft:crafting_table":3,"minecraft:torch":3,"minecraft:granite":1,"minecraft:short_grass":7,"minecraft:melon":3,"minecraft:jungle_log":29,"minecraft:dead_bush":10,"minecraft:lapis_ore":8,"minecraft:deepslate_gold_ore":9,"minecraft:sugar_cane":2,"minecraft:diorite":1,"minecraft:raw_iron_block":1,"minecraft:furnace":5,"minecraft:iron_ore":60,"minecraft:andesite":3,"minecraft:deepslate_lapis_ore":3,"minecraft:coal_ore":100,"minecraft:oak_log":8,"minecraft:deepslate_iron_ore":33,"minecraft:vine":4,"minecraft:sand":1,"minecraft:bamboo":1,"minecraft:stone":30,"minecraft:deepslate":29,"minecraft:fern":2},"minecraft:dropped":{"minecraft:cooked_beef":5,"minecraft:rotten_flesh":5,"minecraft:diorite":1,"minecraft:wooden_axe":2,"minecraft:spider_eye":1,"minecraft:stone_pickaxe":1,"minecraft:wooden_pickaxe":1,"minecraft:bone":3},"minecraft:crafted":{"minecraft:cooked_beef":3,"minecraft:oak_planks":32,"minecraft:crafting_table":1,"minecraft:wooden_pickaxe":1,"minecraft:furnace":2,"minecraft:cooked_salmon":3,"minecraft:bucket":1,"minecraft:air":0,"minecraft:jungle_planks":24,"minecraft:jungle_door":3,"minecraft:iron_chestplate":1,"minecraft:shield":1,"minecraft:iron_axe":1,"minecraft:stick":4,"minecraft:iron_ingot":18,"minecraft:iron_pickaxe":1,"minecraft:wooden_axe":1,"minecraft:torch":4},"minecraft:killed":{"minecraft:husk":1,"minecraft:cave_spider":2,"minecraft:pig":4,"minecraft:salmon":6,"minecraft:sheep":6,"minecraft:skeleton":2,"minecraft:zombie":3,"minecraft:chicken":6,"minecraft:cow":9},"minecraft:custom":{"minecraft:interact_with_furnace":29,"minecraft:mob_kills":41,"minecraft:interact_with_crafting_table":9,"minecraft:leave_game":3,"minecraft:time_since_death":45809,"minecraft:sleep_in_bed":1,"minecraft:climb_one_cm":1883,"minecraft:time_since_rest":40992,"minecraft:sprint_one_cm":153284,"minecraft:damage_taken":532,"minecraft:walk_one_cm":99311,"minecraft:damage_blocked_by_shield":411,"minecraft:drop":19,"minecraft:damage_dealt":3937,"minecraft:swim_one_cm":18396,"minecraft:fly_one_cm":194333,"minecraft:crouch_one_cm":18091,"minecraft:play_time":45809,"minecraft:sneak_time":7426,"minecraft:walk_under_water_one_cm":14570,"minecraft:jump":1149,"minecraft:walk_on_water_one_cm":14667,"minecraft:total_world_time":45809,"minecraft:fall_one_cm":32827},"minecraft:picked_up":{"minecraft:wooden_axe":1,"minecraft:crafting_table":3,"minecraft:cooked_beef":13,"minecraft:feather":8,"minecraft:chicken":5,"minecraft:jungle_log":28,"minecraft:salmon":6,"minecraft:andesite":3,"minecraft:leather":9,"minecraft:tuff":3,"minecraft:oak_log":8,"minecraft:lapis_lazuli":68,"minecraft:string":1,"minecraft:bone":4,"minecraft:bow":1,"minecraft:cobbled_deepslate":17,"minecraft:raw_gold":9,"minecraft:beef":19,"minecraft:stone_pickaxe":1,"minecraft:bamboo":1,"minecraft:sugar_cane":1,"minecraft:melon_slice":12,"minecraft:furnace":5,"minecraft:stick":7,"minecraft:raw_iron":91,"minecraft:jungle_door":3,"minecraft:torch":4,"minecraft:raw_iron_block":1,"minecraft:porkchop":10,"minecraft:sand":1,"minecraft:diorite":1,"minecraft:redstone":27,"minecraft:spider_eye":1,"minecraft:rotten_flesh":6,"minecraft:arrow":2,"minecraft:diamond":20,"minecraft:granite":1,"minecraft:bone_meal":1,"minecraft:mutton":8,"minecraft:coal":140,"minecraft:white_wool":6,"minecraft:cobblestone":30}},"DataVersion":3839}