{"stats":{"minecraft:used":{"minecraft:water_bucket":10,"minecraft:stone_pickaxe":59,"minecraft:oak_planks":28,"minecraft:chest":4,"minecraft:shield":13,"minecraft:sugar_cane":6,"minecraft:cooked_salmon":3,"minecraft:rotten_flesh":1,"minecraft:iron_chestplate":1,"minecraft:salmon":3,"minecraft:torch":23,"minecraft:sand":1,"minecraft:crafting_table":5,"minecraft:jungle_planks":4,"minecraft:wooden_axe":54,"minecraft:iron_axe":89,"minecraft:melon_slice":12,"minecraft:iron_pickaxe":277,"minecraft:lectern":1,"minecraft:bow":1,"minecraft:cobblestone":5,"minecraft:furnace":11,"minecraft:jungle_door":3,"minecraft:andesite":3,"minecraft:bucket":11,"minecraft:yellow_bed":2,"minecraft:cooked_beef":9,"minecraft:cobbled_deepslate":17},"minecraft:mined":{"minecraft:deepslate_redstone_ore":6,"minecraft:tuff":3,"minecraft:white_bed":6,"minecraft:jungle_door":2,"minecraft:deepslate_diamond_ore":13,"minecraft:dandelion":1,"minecraft:crafting_table":4,"minecraft:torch":4,"minecraft:granite":1,"minecraft:short_grass":13,"minecraft:melon":3,"minecraft:jungle_log":29,"minecraft:dead_bush":10,"minecraft:lectern":1,"minecraft:cobblestone":5,"minecraft:lapis_ore":8,"minecraft:deepslate_gold_ore":9,"minecraft:sugar_cane":4,"minecraft:diorite":1,"minecraft:wall_torch":6,"minecraft:raw_iron_block":1,"minecraft:furnace":7,"minecraft:iron_ore":60,"minecraft:andesite":3,"minecraft:yellow_bed":4,"minecraft:gold_block":1,"minecraft:deepslate_lapis_ore":3,"minecraft:stone_brick_stairs":1,"minecraft:coal_ore":100,"minecraft:oak_log":8,"minecraft:deepslate_iron_ore":33,"minecraft:vine":4,"minecraft:sand":1,"minecraft:bamboo":9,"minecraft:stonecutter":1,"minecraft:stone":47,"minecraft:oak_leaves":2,"minecraft:deepslate":29,"minecraft:fern":2},"minecraft:broken":{"minecraft:iron_pickaxe":1},"minecraft:dropped":{"minecraft:cooked_beef":5,"minecraft:tuff":6,"minecraft:raw_iron":10,"minecraft:cobblestone":9,"minecraft:rotten_flesh":5,"minecraft:diorite":1,"minecraft:wooden_axe":2,"minecraft:spider_eye":1,"minecraft:arrow":1,"minecraft:stone_pickaxe":1,"minecraft:wooden_pickaxe":1,"minecraft:string":1,"minecraft:bone":3},"minecraft:crafted":{"minecraft:cooked_beef":23,"minecraft:oak_planks":32,"minecraft:raw_iron":9,"minecraft:cooked_porkchop":21,"minecraft:crafting_table":1,"minecraft:cooked_chicken":6,"minecraft:iron_helmet":1,"minecraft:wooden_pickaxe":1,"minecraft:furnace":4,"minecraft:cooked_salmon":3,"minecraft:bucket":1,"minecraft:cooked_mutton":3,"minecraft:air":0,"minecraft:jungle_planks":76,"minecraft:jungle_door":3,"minecraft:diamond_pickaxe":1,"minecraft:iron_boots":1,"minecraft:iron_chestplate":1,"minecraft:shield":1,"minecraft:iron_axe":1,"minecraft:stick":40,"minecraft:iron_ingot":83,"minecraft:iron_pickaxe":3,"minecraft:wooden_axe":1,"minecraft:chest":4,"minecraft:gold_ingot":9,"minecraft:iron_leggings":1,"minecraft:torch":64},"minecraft:killed":{"minecraft:husk":1,"minecraft:cave_spider":2,"minecraft:pig":8,"minecraft:salmon":6,"minecraft:sheep":7,"minecraft:skeleton":2,"minecraft:zombie":3,"minecraft:chicken":7,"minecraft:cow":14},"minecraft:custom":{"minecraft:interact_with_furnace":86,"minecraft:mob_kills":53,"minecraft:interact_with_crafting_table":21,"minecraft:leave_game":4,"minecraft:time_since_death":70988,"minecraft:sleep_in_bed":2,"minecraft:climb_one_cm":2551,"minecraft:time_since_rest":4729,"minecraft:sprint_one_cm":263701,"minecraft:damage_taken":834,"minecraft:walk_one_cm":133032,"minecraft:damage_blocked_by_shield":411,"minecraft:drop":25,"minecraft:damage_dealt":5047,"minecraft:talked_to_villager":1,"minecraft:swim_one_cm":50798,"minecraft:fly_one_cm":363226,"minecraft:open_chest":23,"minecraft:crouch_one_cm":18668,"minecraft:play_time":70988,"minecraft:sneak_time":7728,"minecraft:walk_under_water_one_cm":18372,"minecraft:jump":1835,"minecraft:walk_on_water_one_cm":18370,"minecraft:total_world_time":70988,"minecraft:fall_one_cm":55695},"minecraft:picked_up":{"minecraft:wooden_axe":1,"minecraft:crafting_table":4,"minecraft:cooked_beef":13,"minecraft:feather":9,"minecraft:chicken":6,"minecraft:jungle_log":28,"minecraft:andesite":3,"minecraft:salmon":6,"minecraft:leather":16,"minecraft:gold_block":1,"minecraft:tuff":6,"minecraft:oak_log":8,"minecraft:yellow_bed":4,"minecraft:lapis_lazuli":68,"minecraft:string":2,"minecraft:bone":4,"minecraft:stonecutter":1,"minecraft:bow":1,"minecraft:cobbled_deepslate":17,"minecraft:raw_gold":9,"minecraft:iron_ingot":5,"minecraft:beef":31,"minecraft:stone_pickaxe":1,"minecraft:lectern":1,"minecraft:bamboo":53,"minecraft:sugar_cane":7,"minecraft:melon_slice":12,"minecraft:furnace":7,"minecraft:stick":7,"minecraft:raw_iron":148,"minecraft:jungle_door":3,"minecraft:torch":11,"minecraft:raw_iron_block":1,"minecraft:porkchop":17,"minecraft:sand":1,"minecraft:white_bed":6,"minecraft:diorite":1,"minecraft:redstone":27,"minecraft:spider_eye":1,"minecraft:rotten_flesh":6,"minecraft:arrow":2,"minecraft:diamond":20,"minecraft:granite":1,"minecraft:bone_meal":1,"minecraft:mutton":9,"minecraft:coal":163,"minecraft:white_wool":7,"minecraft:cobblestone":61}},"DataVersion":3839}