{"stats":{"minecraft:mined":{"minecraft:tuff":3,"minecraft:white_bed":8,"minecraft:deepslate_diamond_ore":13,"minecraft:lever":1,"minecraft:granite":1,"minecraft:grass_block":2,"minecraft:jungle_planks":5,"minecraft:jungle_log":29,"minecraft:oxeye_daisy":1,"minecraft:tall_seagrass":2,"minecraft:raw_iron_block":1,"minecraft:oak_trapdoor":2,"minecraft:furnace":7,"minecraft:iron_ore":83,"minecraft:andesite":3,"minecraft:deepslate_lapis_ore":3,"minecraft:gold_block":1,"minecraft:deepslate_iron_ore":33,"minecraft:vine":4,"minecraft:bamboo":9,"minecraft:stone":62,"minecraft:tripwire":5,"minecraft:deepslate_redstone_ore":6,"minecraft:jungle_door":2,"minecraft:dandelion":1,"minecraft:cornflower":5,"minecraft:crafting_table":5,"minecraft:torch":4,"minecraft:short_grass":223,"minecraft:calcite":92,"minecraft:melon":3,"minecraft:rose_bush":4,"minecraft:dead_bush":10,"minecraft:lectern":5,"minecraft:cobblestone":7,"minecraft:tall_grass":16,"minecraft:deepslate_gold_ore":9,"minecraft:lapis_ore":8,"minecraft:sugar_cane":9,"minecraft:oak_planks":1,"minecraft:diorite":1,"minecraft:wall_torch":13,"minecraft:pink_petals":2,"minecraft:birch_leaves":2,"minecraft:stone_brick_stairs":1,"minecraft:yellow_bed":4,"minecraft:oak_log":69,"minecraft:coal_ore":101,"minecraft:sunflower":1,"minecraft:sand":1,"minecraft:stonecutter":1,"minecraft:oak_leaves":7,"minecraft:deepslate":29,"minecraft:fern":3},"minecraft:used":{"minecraft:oak_fence":3,"minecraft:oak_trapdoor":2,"minecraft:chest":12,"minecraft:shield":13,"minecraft:cooked_salmon":3,"minecraft:rotten_flesh":1,"minecraft:iron_chestplate":1,"minecraft:torch":49,"minecraft:dirt":1,"minecraft:jungle_planks":17,"minecraft:wooden_axe":54,"minecraft:lava_bucket":5,"minecraft:iron_axe":232,"minecraft:tripwire_hook":1,"minecraft:bow":1,"minecraft:furnace":11,"minecraft:egg":1,"minecraft:cooked_beef":29,"minecraft:cobbled_deepslate":17,"minecraft:calcite":35,"minecraft:cooked_mutton":4,"minecraft:water_bucket":30,"minecraft:stone_pickaxe":59,"minecraft:oak_planks":29,"minecraft:stonecutter":1,"minecraft:sugar_cane":6,"minecraft:jungle_boat":9,"minecraft:salmon":3,"minecraft:sand":1,"minecraft:crafting_table":7,"minecraft:white_bed":7,"minecraft:shears":3,"minecraft:bread":7,"minecraft:string":6,"minecraft:melon_slice":12,"minecraft:iron_pickaxe":437,"minecraft:lectern":5,"minecraft:cobblestone":6,"minecraft:jungle_door":3,"minecraft:bucket":36,"minecraft:andesite":3,"minecraft:yellow_bed":4},"minecraft:broken":{"minecraft:iron_axe":1,"minecraft:iron_pickaxe":1},"minecraft:dropped":{"minecraft:wheat_seeds":15,"minecraft:cooked_beef":5,"minecraft:cobblestone":11,"minecraft:jungle_planks":1,"minecraft:diorite":1,"minecraft:cornflower":1,"minecraft:wooden_axe":2,"minecraft:string":3,"minecraft:bone":3,"minecraft:oak_trapdoor":1,"minecraft:tuff":6,"minecraft:raw_iron":10,"minecraft:rotten_flesh":15,"minecraft:potato":1,"minecraft:spider_eye":1,"minecraft:arrow":1,"minecraft:stone_pickaxe":1,"minecraft:wooden_pickaxe":1},"minecraft:crafted":{"minecraft:oak_planks":144,"minecraft:raw_iron":9,"minecraft:cooked_chicken":6,"minecraft:furnace":4,"minecraft:cooked_mutton":16,"minecraft:iron_boots":1,"minecraft:iron_axe":2,"minecraft:chest":16,"minecraft:oak_fence":9,"minecraft:cooked_beef":61,"minecraft:cooked_porkchop":31,"minecraft:crafting_table":2,"minecraft:jungle_boat":1,"minecraft:wooden_pickaxe":1,"minecraft:iron_helmet":1,"minecraft:cooked_salmon":3,"minecraft:bucket":1,"minecraft:air":0,"minecraft:jungle_planks":100,"minecraft:jungle_door":3,"minecraft:iron_chestplate":1,"minecraft:diamond_pickaxe":1,"minecraft:shield":1,"minecraft:stick":52,"minecraft:iron_ingot":106,"minecraft:iron_pickaxe":3,"minecraft:wooden_axe":1,"minecraft:iron_leggings":1,"minecraft:iron_shovel":1,"minecraft:gold_ingot":9,"minecraft:torch":64},"minecraft:killed":{"minecraft:cave_spider":2,"minecraft:skeleton":4,"minecraft:chicken":7,"minecraft:husk":1,"minecraft:pig":14,"minecraft:salmon":6,"minecraft:creeper":2,"minecraft:sheep":15,"minecraft:zombie":10,"minecraft:cow":31},"minecraft:custom":{"minecraft:mob_kills":95,"minecraft:interact_with_crafting_table":27,"minecraft:leave_game":10,"minecraft:time_since_death":177486,"minecraft:climb_one_cm":4222,"minecraft:sprint_one_cm":653642,"minecraft:walk_one_cm":221370,"minecraft:damage_blocked_by_shield":411,"minecraft:drop":57,"minecraft:talked_to_villager":5,"minecraft:play_time":177486,"minecraft:sneak_time":12413,"minecraft:walk_under_water_one_cm":21163,"minecraft:boat_one_cm":223573,"minecraft:jump":5264,"minecraft:interact_with_blast_furnace":2,"minecraft:walk_on_water_one_cm":36188,"minecraft:total_world_time":177486,"minecraft:interact_with_furnace":100,"minecraft:interact_with_stonecutter":2,"minecraft:sleep_in_bed":5,"minecraft:time_since_rest":31650,"minecraft:damage_taken":2428,"minecraft:damage_dealt":10117,"minecraft:swim_one_cm":86280,"minecraft:fly_one_cm":1205167,"minecraft:open_chest":40,"minecraft:crouch_one_cm":32593,"minecraft:fall_one_cm":186594},"minecraft:picked_up":{"minecraft:wooden_axe":1,"minecraft:crafting_table":5,"minecraft:chicken":6,"minecraft:gold_block":1,"minecraft:cornflower":1,"minecraft:string":9,"minecraft:oak_trapdoor":3,"minecraft:cobbled_deepslate":17,"minecraft:beef":69,"minecraft:calcite":87,"minecraft:lectern":5,"minecraft:sugar_cane":20,"minecraft:melon_slice":12,"minecraft:egg":1,"minecraft:furnace":7,"minecraft:stick":7,"minecraft:raw_iron":171,"minecraft:jungle_door":3,"minecraft:torch":22,"minecraft:porkchop":27,"minecraft:diorite":1,"minecraft:redstone":27,"minecraft:rotten_flesh":16,"minecraft:arrow":4,"minecraft:shears":1,"minecraft:mutton":22,"minecraft:white_wool":14,"minecraft:cobblestone":79,"minecraft:feather":9,"minecraft:jungle_boat":9,"minecraft:cooked_beef":13,"minecraft:jungle_log":28,"minecraft:tripwire_hook":1,"minecraft:andesite":3,"minecraft:salmon":6,"minecraft:leather":30,"minecraft:potato":2,"minecraft:tuff":6,"minecraft:oak_log":69,"minecraft:yellow_bed":4,"minecraft:gunpowder":2,"minecraft:dirt":1,"minecraft:lapis_lazuli":68,"minecraft:bone":7,"minecraft:stonecutter":1,"minecraft:bow":1,"minecraft:wheat_seeds":15,"minecraft:raw_gold":9,"minecraft:stone_pickaxe":1,"minecraft:iron_ingot":5,"minecraft:bamboo":53,"minecraft:oak_planks":1,"minecraft:raw_iron_block":1,"minecraft:jungle_planks":5,"minecraft:sand":1,"minecraft:white_bed":8,"minecraft:spider_eye":1,"minecraft:diamond":20,"minecraft:lever":1,"minecraft:granite":1,"minecraft:bone_meal":1,"minecraft:gray_wool":1,"minecraft:coal":164}},"DataVersion":3839}