{"stats":{"minecraft:used":{"minecraft:chest":4,"minecraft:shield":13,"minecraft:cooked_salmon":3,"minecraft:rotten_flesh":1,"minecraft:iron_chestplate":1,"minecraft:torch":26,"minecraft:jungle_planks":4,"minecraft:wooden_axe":54,"minecraft:iron_axe":154,"minecraft:bow":1,"minecraft:furnace":11,"minecraft:cooked_beef":15,"minecraft:cobbled_deepslate":17,"minecraft:water_bucket":11,"minecraft:stone_pickaxe":59,"minecraft:oak_planks":28,"minecraft:stonecutter":1,"minecraft:sugar_cane":6,"minecraft:salmon":3,"minecraft:sand":1,"minecraft:crafting_table":5,"minecraft:white_bed":7,"minecraft:melon_slice":12,"minecraft:iron_pickaxe":284,"minecraft:lectern":1,"minecraft:cobblestone":5,"minecraft:jungle_door":3,"minecraft:bucket":12,"minecraft:andesite":3,"minecraft:yellow_bed":4},"minecraft:mined":{"minecraft:tuff":3,"minecraft:white_bed":8,"minecraft:deepslate_diamond_ore":13,"minecraft:granite":1,"minecraft:jungle_log":29,"minecraft:raw_iron_block":1,"minecraft:furnace":7,"minecraft:iron_ore":60,"minecraft:andesite":3,"minecraft:deepslate_lapis_ore":3,"minecraft:gold_block":1,"minecraft:vine":4,"minecraft:deepslate_iron_ore":33,"minecraft:bamboo":9,"minecraft:stone":47,"minecraft:deepslate_redstone_ore":6,"minecraft:jungle_door":2,"minecraft:dandelion":1,"minecraft:crafting_table":4,"minecraft:torch":4,"minecraft:short_grass":16,"minecraft:melon":3,"minecraft:dead_bush":10,"minecraft:lectern":1,"minecraft:cobblestone":5,"minecraft:deepslate_gold_ore":9,"minecraft:lapis_ore":8,"minecraft:sugar_cane":7,"minecraft:diorite":1,"minecraft:wall_torch":8,"minecraft:pink_petals":1,"minecraft:yellow_bed":4,"minecraft:stone_brick_stairs":1,"minecraft:oak_log":25,"minecraft:coal_ore":100,"minecraft:sand":1,"minecraft:stonecutter":1,"minecraft:oak_leaves":5,"minecraft:deepslate":29,"minecraft:fern":2},"minecraft:broken":{"minecraft:iron_axe":1,"minecraft:iron_pickaxe":1},"minecraft:dropped":{"minecraft:cooked_beef":5,"minecraft:cobblestone":9,"minecraft:diorite":1,"minecraft:wooden_axe":2,"minecraft:string":1,"minecraft:bone":3,"minecraft:tuff":6,"minecraft:raw_iron":10,"minecraft:rotten_flesh":5,"minecraft:spider_eye":1,"minecraft:arrow":1,"minecraft:stone_pickaxe":1,"minecraft:wooden_pickaxe":1},"minecraft:crafted":{"minecraft:oak_planks":32,"minecraft:raw_iron":9,"minecraft:cooked_chicken":6,"minecraft:furnace":4,"minecraft:cooked_mutton":3,"minecraft:iron_boots":1,"minecraft:iron_axe":1,"minecraft:chest":4,"minecraft:cooked_beef":23,"minecraft:cooked_porkchop":21,"minecraft:crafting_table":1,"minecraft:wooden_pickaxe":1,"minecraft:iron_helmet":1,"minecraft:cooked_salmon":3,"minecraft:bucket":1,"minecraft:air":0,"minecraft:jungle_planks":76,"minecraft:jungle_door":3,"minecraft:iron_chestplate":1,"minecraft:diamond_pickaxe":1,"minecraft:shield":1,"minecraft:stick":40,"minecraft:iron_ingot":83,"minecraft:iron_pickaxe":3,"minecraft:wooden_axe":1,"minecraft:iron_leggings":1,"minecraft:gold_ingot":9,"minecraft:torch":64},"minecraft:killed":{"minecraft:cave_spider":2,"minecraft:skeleton":2,"minecraft:chicken":7,"minecraft:husk":1,"minecraft:pig":14,"minecraft:salmon":6,"minecraft:sheep":15,"minecraft:zombie":4,"minecraft:cow":31},"minecraft:custom":{"minecraft:mob_kills":85,"minecraft:interact_with_crafting_table":21,"minecraft:leave_game":5,"minecraft:time_since_death":86207,"minecraft:climb_one_cm":2907,"minecraft:sprint_one_cm":366359,"minecraft:walk_one_cm":153850,"minecraft:damage_blocked_by_shield":411,"minecraft:drop":25,"minecraft:talked_to_villager":1,"minecraft:play_time":86207,"minecraft:sneak_time":7967,"minecraft:walk_under_water_one_cm":19231,"minecraft:jump":2660,"minecraft:walk_on_water_one_cm":21001,"minecraft:total_world_time":86207,"minecraft:interact_with_furnace":88,"minecraft:interact_with_stonecutter":1,"minecraft:sleep_in_bed":3,"minecraft:time_since_rest":798,"minecraft:damage_taken":1130,"minecraft:damage_dealt":8343,"minecraft:fly_one_cm":569260,"minecraft:swim_one_cm":60946,"minecraft:open_chest":28,"minecraft:crouch_one_cm":18931,"minecraft:fall_one_cm":85494},"minecraft:picked_up":{"minecraft:wooden_axe":1,"minecraft:crafting_table":4,"minecraft:chicken":6,"minecraft:gold_block":1,"minecraft:string":2,"minecraft:cobbled_deepslate":17,"minecraft:beef":69,"minecraft:lectern":1,"minecraft:melon_slice":12,"minecraft:sugar_cane":13,"minecraft:furnace":7,"minecraft:raw_iron":148,"minecraft:stick":7,"minecraft:jungle_door":3,"minecraft:torch":13,"minecraft:porkchop":27,"minecraft:diorite":1,"minecraft:redstone":27,"minecraft:arrow":2,"minecraft:rotten_flesh":8,"minecraft:mutton":22,"minecraft:white_wool":14,"minecraft:cobblestone":61,"minecraft:feather":9,"minecraft:cooked_beef":13,"minecraft:salmon":6,"minecraft:andesite":3,"minecraft:jungle_log":28,"minecraft:leather":30,"minecraft:tuff":6,"minecraft:oak_log":25,"minecraft:yellow_bed":4,"minecraft:lapis_lazuli":68,"minecraft:bone":4,"minecraft:bow":1,"minecraft:stonecutter":1,"minecraft:raw_gold":9,"minecraft:iron_ingot":5,"minecraft:stone_pickaxe":1,"minecraft:bamboo":53,"minecraft:raw_iron_block":1,"minecraft:sand":1,"minecraft:white_bed":8,"minecraft:spider_eye":1,"minecraft:diamond":20,"minecraft:granite":1,"minecraft:bone_meal":1,"minecraft:gray_wool":1,"minecraft:coal":163}},"DataVersion":3839}