{"stats":{"minecraft:mined":{"minecraft:jungle_door":2,"minecraft:iron_ore":11,"minecraft:andesite":1,"minecraft:crafting_table":1,"minecraft:short_grass":4,"minecraft:coal_ore":21,"minecraft:oak_log":8,"minecraft:melon":3,"minecraft:vine":4,"minecraft:jungle_log":29,"minecraft:dead_bush":10,"minecraft:sand":1,"minecraft:bamboo":1,"minecraft:stone":9,"minecraft:sugar_cane":2,"minecraft:diorite":1},"minecraft:used":{"minecraft:wooden_axe":54,"minecraft:melon_slice":12,"minecraft:stone_pickaxe":43,"minecraft:oak_planks":12,"minecraft:sand":1,"minecraft:crafting_table":2,"minecraft:jungle_door":3},"minecraft:dropped":{"minecraft:wooden_pickaxe":1},"minecraft:crafted":{"minecraft:oak_planks":32,"minecraft:jungle_door":3,"minecraft:crafting_table":1,"minecraft:stick":4,"minecraft:wooden_pickaxe":1,"minecraft:wooden_axe":1,"minecraft:torch":4,"minecraft:jungle_planks":24},"minecraft:killed":{"minecraft:husk":1,"minecraft:salmon":6},"minecraft:custom":{"minecraft:time_since_rest":7266,"minecraft:sprint_one_cm":43117,"minecraft:damage_taken":235,"minecraft:walk_one_cm":11902,"minecraft:mob_kills":7,"minecraft:drop":1,"minecraft:damage_dealt":380,"minecraft:swim_one_cm":12261,"minecraft:interact_with_crafting_table":3,"minecraft:fly_one_cm":63567,"minecraft:crouch_one_cm":3942,"minecraft:play_time":12083,"minecraft:sneak_time":2741,"minecraft:walk_under_water_one_cm":8294,"minecraft:jump":305,"minecraft:leave_game":1,"minecraft:walk_on_water_one_cm":1673,"minecraft:time_since_death":12083,"minecraft:sleep_in_bed":1,"minecraft:climb_one_cm":1443,"minecraft:total_world_time":12083,"minecraft:fall_one_cm":7091},"minecraft:picked_up":{"minecraft:crafting_table":1,"minecraft:stick":7,"minecraft:raw_iron":11,"minecraft:jungle_door":3,"minecraft:andesite":1,"minecraft:salmon":6,"minecraft:jungle_log":28,"minecraft:sand":1,"minecraft:oak_log":8,"minecraft:diorite":1,"minecraft:rotten_flesh":2,"minecraft:stone_pickaxe":1,"minecraft:bone_meal":1,"minecraft:bamboo":1,"minecraft:melon_slice":12,"minecraft:sugar_cane":1,"minecraft:coal":19,"minecraft:cobblestone":8}},"DataVersion":3839}