{"stats":{"minecraft:used":{"minecraft:water_bucket":7,"minecraft:stone_pickaxe":59,"minecraft:oak_planks":28,"minecraft:shield":13,"minecraft:cooked_salmon":3,"minecraft:rotten_flesh":1,"minecraft:iron_chestplate":1,"minecraft:salmon":3,"minecraft:torch":6,"minecraft:sand":1,"minecraft:crafting_table":3,"minecraft:jungle_planks":4,"minecraft:wooden_axe":54,"minecraft:iron_axe":23,"minecraft:melon_slice":12,"minecraft:iron_pickaxe":159,"minecraft:bow":1,"minecraft:cobblestone":5,"minecraft:furnace":5,"minecraft:jungle_door":3,"minecraft:andesite":3,"minecraft:bucket":8,"minecraft:cooked_beef":2,"minecraft:cobbled_deepslate":17},"minecraft:mined":{"minecraft:deepslate_redstone_ore":6,"minecraft:tuff":3,"minecraft:jungle_door":2,"minecraft:deepslate_diamond_ore":13,"minecraft:crafting_table":3,"minecraft:torch":2,"minecraft:granite":1,"minecraft:short_grass":4,"minecraft:melon":3,"minecraft:jungle_log":29,"minecraft:dead_bush":10,"minecraft:deepslate_gold_ore":9,"minecraft:lapis_ore":8,"minecraft:sugar_cane":2,"minecraft:diorite":1,"minecraft:raw_iron_block":1,"minecraft:furnace":4,"minecraft:iron_ore":57,"minecraft:andesite":3,"minecraft:deepslate_lapis_ore":3,"minecraft:oak_log":8,"minecraft:coal_ore":25,"minecraft:deepslate_iron_ore":33,"minecraft:vine":4,"minecraft:sand":1,"minecraft:bamboo":1,"minecraft:stone":21,"minecraft:deepslate":29,"minecraft:fern":1},"minecraft:dropped":{"minecraft:rotten_flesh":5,"minecraft:wooden_axe":2,"minecraft:wooden_pickaxe":1,"minecraft:bone":3},"minecraft:crafted":{"minecraft:cooked_beef":3,"minecraft:oak_planks":32,"minecraft:crafting_table":1,"minecraft:wooden_pickaxe":1,"minecraft:furnace":2,"minecraft:cooked_salmon":3,"minecraft:bucket":1,"minecraft:air":0,"minecraft:jungle_planks":24,"minecraft:jungle_door":3,"minecraft:iron_chestplate":1,"minecraft:shield":1,"minecraft:iron_axe":1,"minecraft:stick":4,"minecraft:iron_ingot":18,"minecraft:iron_pickaxe":1,"minecraft:wooden_axe":1,"minecraft:torch":4},"minecraft:killed":{"minecraft:husk":1,"minecraft:cave_spider":2,"minecraft:salmon":6,"minecraft:skeleton":2,"minecraft:zombie":3,"minecraft:cow":3},"minecraft:custom":{"minecraft:interact_with_furnace":28,"minecraft:mob_kills":18,"minecraft:interact_with_crafting_table":9,"minecraft:leave_game":2,"minecraft:time_since_death":35944,"minecraft:sleep_in_bed":1,"minecraft:climb_one_cm":1663,"minecraft:time_since_rest":31127,"minecraft:sprint_one_cm":106169,"minecraft:damage_taken":522,"minecraft:walk_one_cm":85821,"minecraft:damage_blocked_by_shield":411,"minecraft:drop":11,"minecraft:damage_dealt":2127,"minecraft:swim_one_cm":13810,"minecraft:fly_one_cm":105345,"minecraft:crouch_one_cm":13484,"minecraft:play_time":35944,"minecraft:sneak_time":6282,"minecraft:walk_under_water_one_cm":13846,"minecraft:jump":787,"minecraft:walk_on_water_one_cm":13813,"minecraft:total_world_time":35944,"minecraft:fall_one_cm":17350},"minecraft:picked_up":{"minecraft:wooden_axe":1,"minecraft:crafting_table":3,"minecraft:jungle_log":28,"minecraft:salmon":6,"minecraft:andesite":3,"minecraft:leather":3,"minecraft:tuff":3,"minecraft:oak_log":8,"minecraft:lapis_lazuli":68,"minecraft:string":1,"minecraft:bone":4,"minecraft:bow":1,"minecraft:cobbled_deepslate":17,"minecraft:raw_gold":9,"minecraft:beef":6,"minecraft:stone_pickaxe":1,"minecraft:bamboo":1,"minecraft:sugar_cane":1,"minecraft:melon_slice":12,"minecraft:furnace":4,"minecraft:stick":7,"minecraft:raw_iron":88,"minecraft:jungle_door":3,"minecraft:torch":3,"minecraft:raw_iron_block":1,"minecraft:sand":1,"minecraft:diorite":1,"minecraft:redstone":27,"minecraft:spider_eye":1,"minecraft:arrow":2,"minecraft:rotten_flesh":6,"minecraft:diamond":20,"minecraft:granite":1,"minecraft:bone_meal":1,"minecraft:coal":51,"minecraft:cobblestone":21}},"DataVersion":3839}